id,label,available,residence_label,residence_address,residence_city,residence_postal_code,sector_label,lat,lon,area_min,area_max,rent_min,rent_max,occupation_type,adapted_pmr,high_demand,low_stock,url
10,T2,False,Moissy Cramayel - Alfred Sisley,106 rue Bajot 77550 Moissy Cramayel,Moissy Cramayel,77550,SENART_77,48.628,2.589,15.04,15.265,0.0,0.0,,False,False,False,https://trouverunlogement.lescrous.fr/tools/42/accommodations/10
17,T2(Colocation),False,Champs sur Marne - Condorcet,12 Boulevard Newton 77420 CHAMPS SUR MARNE,CHAMPS SUR MARNE,77420,MARNE-LA-VALLEE_77,48.843,2.586,16.5,16.5,0.0,0.0,,False,False,False,https://trouverunlogement.lescrous.fr/tools/42/accommodations/17
18,APT 1,False,XXXX RESIDENCE Jeunes Actifs MOUZAIA,58 bis rue de la Mouzaia,,,Paris,48.863,2.288,14.0,33.0,0.0,0.0,,False,False,False,https://trouverunlogement.lescrous.fr/tools/42/accommodations/18
22,Bastille T1,False,BASTILLE,"151, avenue Ledru Rollin 75011 Paris",Paris,75011,Paris,48.855,2.378,14.6,14.6,0.0,0.0,,False,False,False,https://trouverunlogement.lescrous.fr/tools/42/accommodations/22
23,T2 BIS PROV,False,Orsay-Fleming,"21, rue André Maginot 91400 ORSAY",ORSAY,91400,ORSAY,48.694,2.185,13.39,14.44,0.0,0.0,,False,False,False,https://trouverunlogement.lescrous.fr/tools/42/accommodations/23
26,T2 (Colocation),False,Champs Sur Marne - Montesquieu,7 et 7bis Boulevard Copernic 77420 CHAMPS SUR MARNE,CHAMPS SUR MARNE,77420,MARNE-LA-VALLEE_77,48.842,2.586,17.5,17.5,0.0,0.0,,False,False,False,https://trouverunlogement.lescrous.fr/tools/42/accommodations/26
37,Bercy T1,False,BERCY,244 rue de Bercy 75012 PARIS,PARIS,75012,Paris,48.847,2.369,13.5,26.9,0.0,0.0,,False,False,False,https://trouverunlogement.lescrous.fr/tools/42/accommodations/37
52,T2 (Colocation),False,Epinay Sur Seine,"6, Avenue de la Republique 93800 EPINAY SUR SEINE",EPINAY SUR SEINE,93800,SEINE-SAINT-DENIS_93,48.952,2.318,15.15,17.025,0.0,0.0,,False,False,False,https://trouverunlogement.lescrous.fr/tools/42/accommodations/52
56,Bonaparte T1bis,False,BONAPARTE,"24, rue Bonaparte 75006 PARIS",PARIS,75006,Paris,48.856,2.334,15.0,20.0,0.0,0.0,,False,False,False,https://trouverunlogement.lescrous.fr/tools/42/accommodations/56
60,T1,False,HDB-Charlotte Perriand,"33, Avenue Gallieni 92160 - ANTONY",- ANTONY,92160,HAUTS-DE-BIEVRE,48.761,2.297,17.3,25.5,0.0,0.0,,False,False,False,https://trouverunlogement.lescrous.fr/tools/42/accommodations/60
61,T 1 BIS,False,Cergy-Le Square,"9, square de l'échiquier 95800 Cergy st Christophe",Cergy st Christophe,95800,CERGY,49.048,2.027,18.3,18.3,0.0,0.0,,False,False,False,https://trouverunlogement.lescrous.fr/tools/42/accommodations/61
65,T2 (Colocation),False,Fontainebleau - Raymond Fischesser,3 ter rue de Ferrare 77300 Fontainebleau,Fontainebleau,77300,FONTAINEBLEAU,48.404,2.698,15.33,19.99,0.0,0.0,,False,False,False,https://trouverunlogement.lescrous.fr/tools/42/accommodations/65
69,T 1,False,Evry- Aunettes,1 Impasse de la Predecelle 91000 EVRY,EVRY,91000,EVRY,48.618,2.434,18.42,19.85,0.0,0.0,,False,False,False,https://trouverunlogement.lescrous.fr/tools/42/accommodations/69
73,APT 1,False,XXXX REUILLY,"20 bis rue de reuilly , 75012 Paris",Paris,75012,Paris,48.848,2.386,18.0,19.0,0.0,0.0,,False,False,False,https://trouverunlogement.lescrous.fr/tools/42/accommodations/73
79,Chevaleret T1,False,CHEVALERET,81 bis/ter/quater rue du Chevaleret 75013 Paris,Paris,75013,Paris,48.829,2.376,16.0,33.0,0.0,0.0,,False,False,False,https://trouverunlogement.lescrous.fr/tools/42/accommodations/79
80,T1 C,False,Cergy-Le Square,"9, square de l'échiquier 95800 Cergy st Christophe",Cergy st Christophe,95800,CERGY,49.048,2.027,20.5,20.5,0.0,0.0,,False,False,False,https://trouverunlogement.lescrous.fr/tools/42/accommodations/80
91,Choisy T1,False,CHOISY,120 avenue de Choisy 75013 Paris,Paris,75013,Paris,48.826,2.36,20.0,26.0,0.0,0.0,,False,False,False,https://trouverunlogement.lescrous.fr/tools/42/accommodations/91
101,T1 BIS PROV,False,Cergy-Les Chateaux,QUARTIER ST SYLVERE 95014 CERGY PONTOISE CEDEX,CERGY PONTOISE CEDEX,95014,CERGY,49.031,2.076,12.42,19.31,0.0,0.0,,False,False,False,https://trouverunlogement.lescrous.fr/tools/42/accommodations/101
119,T1 PROV,False,Cergy-Les Chateaux,QUARTIER ST SYLVERE 95014 CERGY PONTOISE CEDEX,CERGY PONTOISE CEDEX,95014,CERGY,49.031,2.076,17.01,24.35,0.0,0.0,,False,False,False,https://trouverunlogement.lescrous.fr/tools/42/accommodations/119
137,Seyrig T1,False,DELPHINE SEYRIG,7 à 15 Rue Delphine Seyrig - 75019 PARIS,PARIS,75019,Paris,48.894,2.398,20.0,25.0,0.0,0.0,,False,False,False,https://trouverunlogement.lescrous.fr/tools/42/accommodations/137
143,T2 (Colocation),False,Mail des Meches,1 Rue de la Porte des Champs 94000 Créteil,Créteil,94000,CRETEIL,48.788,2.45,16.94,17.03,0.0,0.0,,False,False,False,https://trouverunlogement.lescrous.fr/tools/42/accommodations/143
144,T1,False,Résidence Les Carreaux,"10 bis, rue des Carreaux 62200 BOULOGNE-SUR-MER",BOULOGNE-SUR-MER,62200,Boulogne-sur-Mer,50.725,1.608,24.16,24.16,0.0,0.0,,False,False,False,https://trouverunlogement.lescrous.fr/tools/42/accommodations/144
152,ALESIA T1,False,ALESIA,80 RUE DE LA TOMBE ISSOIRE 75014 PARIS,PARIS,75014,Paris,48.828,2.333,16.7,18.7,0.0,0.0,,False,False,False,https://trouverunlogement.lescrous.fr/tools/42/accommodations/152
153,T2 (Colocation),False,Marcel Pagnol,"3 rue, Roger Salengro 93430 VILLETANEUSE",VILLETANEUSE,93430,SEINE-SAINT-DENIS_93,48.963,2.344,25.0,25.0,0.0,0.0,,False,False,False,https://trouverunlogement.lescrous.fr/tools/42/accommodations/153
154,T1 PROV,False,Cergy-Les Chenes,7 rue des chênes d'or 95014 CERGY PONTOISE CEDEX,CERGY PONTOISE CEDEX,95014,CERGY,49.038,2.073,18.0,22.8,0.0,0.0,,False,False,False,https://trouverunlogement.lescrous.fr/tools/42/accommodations/154
160,T1 bis,False,Résidence Les Carreaux,"10 bis, rue des Carreaux 62200 BOULOGNE-SUR-MER",BOULOGNE-SUR-MER,62200,Boulogne-sur-Mer,50.725,1.608,33.75,33.75,0.0,0.0,,False,False,False,https://trouverunlogement.lescrous.fr/tools/42/accommodations/160
163,REUILLY T1,False,REUILLY,2 passage Marie Rogissart 75012 Paris,Paris,75012,Paris,48.848,2.386,18.1,18.93,0.0,0.0,,False,False,False,https://trouverunlogement.lescrous.fr/tools/42/accommodations/163
167,T1 bis Coloc,False,Résidence Les Carreaux,"10 bis, rue des Carreaux 62200 BOULOGNE-SUR-MER",BOULOGNE-SUR-MER,62200,Boulogne-sur-Mer,50.725,1.608,33.75,33.75,0.0,0.0,,False,False,False,https://trouverunlogement.lescrous.fr/tools/42/accommodations/167
169,INDOCHINE - T1,False,INDOCHINE,18 boulevard Indochine 75019 Paris,Paris,75019,Paris,48.884,2.397,21.0,25.0,0.0,0.0,,False,False,False,https://trouverunlogement.lescrous.fr/tools/42/accommodations/169
173,Chambre Handicapé,False,Orsay-L Ile,"Bâtiment 227 14, rue du Docteur Collé 91440 Bures sur Yvette",Bures sur Yvette,91440,ORSAY,48.699,2.164,19.4,21.01,0.0,0.0,,False,False,False,https://trouverunlogement.lescrous.fr/tools/42/accommodations/173
174,Grands Moulins T1,False,GRANDS MOULINS,"54-56, rue des Grands Moulins 75013 Paris",Paris,75013,Paris,48.828,2.376,19.0,22.0,0.0,0.0,,False,False,False,https://trouverunlogement.lescrous.fr/tools/42/accommodations/174
177,T2 Coloc,False,Résidence Les Carreaux,"10 bis, rue des Carreaux 62200 BOULOGNE-SUR-MER",BOULOGNE-SUR-MER,62200,Boulogne-sur-Mer,50.725,1.608,48.3,48.3,0.0,0.0,,False,False,False,https://trouverunlogement.lescrous.fr/tools/42/accommodations/177
179,INDOCHINE - T2,False,INDOCHINE,18 boulevard Indochine 75019 Paris,Paris,75019,Paris,48.884,2.397,13.5,49.0,0.0,0.0,,False,False,False,https://trouverunlogement.lescrous.fr/tools/42/accommodations/179
185,Sarrailh Studio,False,JEAN SARRAILH,"39, avenue Georges Bernanos 75231 Paris Cedex 05",Paris Cedex 05,75231,Paris,48.84,2.337,14.0,28.0,0.0,0.0,,False,False,False,https://trouverunlogement.lescrous.fr/tools/42/accommodations/185
187,T1 Bis,False,Saint Denis - Guynemer,41 rue Guynemer 93200 Saint Denis,Saint Denis,93200,SEINE-SAINT-DENIS_93,48.948,2.361,14.725,17.5,0.0,0.0,,False,False,False,https://trouverunlogement.lescrous.fr/tools/42/accommodations/187
192,T2 GUY (Colocation),False,Saint Denis - Guynemer,41 rue Guynemer 93200 Saint Denis,Saint Denis,93200,SEINE-SAINT-DENIS_93,48.948,2.361,16.75,21.94,0.0,0.0,,False,False,False,https://trouverunlogement.lescrous.fr/tools/42/accommodations/192
200,T 2,False,Orsay-L Ile,"Bâtiment 227 14, rue du Docteur Collé 91440 Bures sur Yvette",Bures sur Yvette,91440,ORSAY,48.699,2.164,30.26,35.1,0.0,0.0,,False,False,False,https://trouverunlogement.lescrous.fr/tools/42/accommodations/200
213,T1 Bis (Colocation),False,Stains,38/42 rue du Chemin St Leger 93240 Stains,Stains,93240,SEINE-SAINT-DENIS_93,48.947,2.376,24.96,30.72,0.0,0.0,,False,False,False,https://trouverunlogement.lescrous.fr/tools/42/accommodations/213
226,T1d,False,Boissy Saint Leger,4D Boulevard de la Gare 94470 Boissy Saint Leger,Boissy Saint Leger,94470,CRETEIL,48.753,2.506,17.36,18.04,0.0,0.0,,False,False,False,https://trouverunlogement.lescrous.fr/tools/42/accommodations/226
238,T1,False,KREMLIN BICETRE - George Sand,4 rue Pasteur 94270 LE KREMLIN BICETRE,LE KREMLIN BICETRE,94270,CACHAN,48.815,2.361,18.0,21.49,0.0,0.0,,False,False,False,https://trouverunlogement.lescrous.fr/tools/42/accommodations/238
239,T1 PMR,False,KREMLIN BICETRE - George Sand,4 rue Pasteur 94270 LE KREMLIN BICETRE,LE KREMLIN BICETRE,94270,CACHAN,48.815,2.361,18.04,22.86,0.0,0.0,,False,False,False,https://trouverunlogement.lescrous.fr/tools/42/accommodations/239
240,T1e,False,Boissy Saint Leger,4D Boulevard de la Gare 94470 Boissy Saint Leger,Boissy Saint Leger,94470,CRETEIL,48.753,2.506,17.56,17.98,0.0,0.0,,False,False,False,https://trouverunlogement.lescrous.fr/tools/42/accommodations/240
258,T1f,False,Boissy Saint Leger,4D Boulevard de la Gare 94470 Boissy Saint Leger,Boissy Saint Leger,94470,CRETEIL,48.753,2.506,17.64,17.64,0.0,0.0,,False,False,False,https://trouverunlogement.lescrous.fr/tools/42/accommodations/258
265,Amiral Mouchez T1 PMR,False,AMIRAL MOUCHEZ,77/79 rue de l Amiral MOUCHEZ - 75013 PARIS,PARIS,75013,Paris,48.821,2.344,18.0,21.0,0.0,0.0,,False,False,False,https://trouverunlogement.lescrous.fr/tools/42/accommodations/265
266,T2,False,Saint Denis - Eugene Pottier,12 rue Eugene Pottier 93200 Saint-Denis,Saint-Denis,93200,SEINE-SAINT-DENIS_93,48.949,2.355,14.385,15.115,0.0,0.0,,False,False,False,https://trouverunlogement.lescrous.fr/tools/42/accommodations/266
275,Chambre,False,Saint Denis - Residence Internationale P8,28 rue Guynemer 93200 Saint -Denis,Saint -Denis,93200,SEINE-SAINT-DENIS_93,48.948,2.361,17.0,20.6,0.0,0.0,,False,False,False,https://trouverunlogement.lescrous.fr/tools/42/accommodations/275
280,T1 PMR PROV,False,VSQ-Le Capitole,"4, place Pierre Mendes France 78990 ELANCOURT",ELANCOURT,78990,VERSAILLES -ST-QUENTIN,48.768,1.949,17.4,25.3,0.0,0.0,,False,False,False,https://trouverunlogement.lescrous.fr/tools/42/accommodations/280
283,T1g,False,Boissy Saint Leger,4D Boulevard de la Gare 94470 Boissy Saint Leger,Boissy Saint Leger,94470,CRETEIL,48.753,2.506,17.35,17.92,0.0,0.0,,False,False,False,https://trouverunlogement.lescrous.fr/tools/42/accommodations/283
303,T1h,False,Boissy Saint Leger,4D Boulevard de la Gare 94470 Boissy Saint Leger,Boissy Saint Leger,94470,CRETEIL,48.753,2.506,17.61,18.14,0.0,0.0,,False,False,False,https://trouverunlogement.lescrous.fr/tools/42/accommodations/303
305,T2,False,Epinay Sur Seine,"6, Avenue de la Republique 93800 EPINAY SUR SEINE",EPINAY SUR SEINE,93800,SEINE-SAINT-DENIS_93,48.952,2.318,15.15,17.18,0.0,0.0,,False,False,False,https://trouverunlogement.lescrous.fr/tools/42/accommodations/305
317,T1i,False,Boissy Saint Leger,4D Boulevard de la Gare 94470 Boissy Saint Leger,Boissy Saint Leger,94470,CRETEIL,48.753,2.506,21.58,22.01,0.0,0.0,,False,False,False,https://trouverunlogement.lescrous.fr/tools/42/accommodations/317
321,Studio,True,Résidence Saint Louis,7 rue Saint Louis 62200 BOULOGNE-SUR-MER,BOULOGNE-SUR-MER,62200,Boulogne-sur-Mer,50.726,1.604,24.0,24.0,410.88,410.88,alone,False,False,False,https://trouverunlogement.lescrous.fr/tools/42/accommodations/321
325,T1,False,Résidence Saint Louis,7 rue Saint Louis 62200 BOULOGNE-SUR-MER,BOULOGNE-SUR-MER,62200,Boulogne-sur-Mer,50.726,1.604,29.0,29.0,0.0,0.0,,False,False,False,https://trouverunlogement.lescrous.fr/tools/42/accommodations/325
333,T1,False,Evry-Flora Tristan,1 rue Jules Vales 91000 Evry,Evry,91000,EVRY,48.636,2.43,15.4,19.27,0.0,0.0,,False,False,False,https://trouverunlogement.lescrous.fr/tools/42/accommodations/333
334,T1j,False,Boissy Saint Leger,4D Boulevard de la Gare 94470 Boissy Saint Leger,Boissy Saint Leger,94470,CRETEIL,48.753,2.506,21.31,23.15,0.0,0.0,,False,False,False,https://trouverunlogement.lescrous.fr/tools/42/accommodations/334
348,T2,False,Evry-Flora Tristan,1 rue Jules Vales 91000 Evry,Evry,91000,EVRY,48.636,2.43,20.4,24.4,0.0,0.0,,False,False,False,https://trouverunlogement.lescrous.fr/tools/42/accommodations/348
353,T1k,False,Boissy Saint Leger,4D Boulevard de la Gare 94470 Boissy Saint Leger,Boissy Saint Leger,94470,CRETEIL,48.753,2.506,21.27,22.91,0.0,0.0,,False,False,False,https://trouverunlogement.lescrous.fr/tools/42/accommodations/353
360,Amiral Mouchez T1,False,AMIRAL MOUCHEZ,77/79 rue de l Amiral MOUCHEZ - 75013 PARIS,PARIS,75013,Paris,48.821,2.344,18.0,21.0,0.0,0.0,,False,False,False,https://trouverunlogement.lescrous.fr/tools/42/accommodations/360
363,T2 PMR,False,Evry-Flora Tristan,1 rue Jules Vales 91000 Evry,Evry,91000,EVRY,48.636,2.43,22.1,28.3,0.0,0.0,,False,False,False,https://trouverunlogement.lescrous.fr/tools/42/accommodations/363
368,Chambre,False,Cachan,62/78 rue Camille Desmoulins 94230 Cachan,Cachan,94230,CACHAN,48.791,2.332,9.0,9.0,0.0,0.0,,False,False,False,https://trouverunlogement.lescrous.fr/tools/42/accommodations/368
374,T1 BIS PROV,False,VSQ-Guyancourt - Vauban,"1, Boulevard d Alembert 78280 - GUYANCOURT",- GUYANCOURT,78280,VERSAILLES -ST-QUENTIN,48.78,2.044,17.37,19.37,0.0,0.0,,False,False,False,https://trouverunlogement.lescrous.fr/tools/42/accommodations/374
379,APT3,False,XXXX RESIDENCE REUILLY -,"20 bis rue de reuilly , 75012 Paris",Paris,75012,Paris,48.848,2.386,42.0,47.0,0.0,0.0,,False,False,False,https://trouverunlogement.lescrous.fr/tools/42/accommodations/379
381,Citeaux T1 14,False,CITEAUX,45 boulevard Diderot - 75012 PARIS,PARIS,75012,Paris,48.847,2.38,0.0,0.0,0.0,0.0,,False,False,False,https://trouverunlogement.lescrous.fr/tools/42/accommodations/381
388,Studette,False,Cachan,62/78 rue Camille Desmoulins 94230 Cachan,Cachan,94230,CACHAN,48.791,2.332,10.95,12.46,0.0,0.0,,False,False,False,https://trouverunlogement.lescrous.fr/tools/42/accommodations/388
389,T1 PROV,False,VSQ-Guyancourt - Vauban,"1, Boulevard d Alembert 78280 - GUYANCOURT",- GUYANCOURT,78280,VERSAILLES -ST-QUENTIN,48.78,2.044,19.1,20.01,0.0,0.0,,False,False,False,https://trouverunlogement.lescrous.fr/tools/42/accommodations/389
399,T2 PROV,False,VSQ-Guyancourt - Vauban,"1, Boulevard d Alembert 78280 - GUYANCOURT",- GUYANCOURT,78280,VERSAILLES -ST-QUENTIN,48.78,2.044,30.08,33.87,0.0,0.0,,False,False,False,https://trouverunlogement.lescrous.fr/tools/42/accommodations/399
404,Studio,False,Cachan,62/78 rue Camille Desmoulins 94230 Cachan,Cachan,94230,CACHAN,48.791,2.332,20.79,23.71,0.0,0.0,,False,False,False,https://trouverunlogement.lescrous.fr/tools/42/accommodations/404
419,Studio PMR,False,Cachan,62/78 rue Camille Desmoulins 94230 Cachan,Cachan,94230,CACHAN,48.791,2.332,20.89,22.82,0.0,0.0,,False,False,False,https://trouverunlogement.lescrous.fr/tools/42/accommodations/419
443,Studio ULS,False,Cachan,62/78 rue Camille Desmoulins 94230 Cachan,Cachan,94230,CACHAN,48.791,2.332,30.23,32.12,0.0,0.0,,False,False,False,https://trouverunlogement.lescrous.fr/tools/42/accommodations/443
466,T1,False,Cachan,62/78 rue Camille Desmoulins 94230 Cachan,Cachan,94230,CACHAN,48.791,2.332,17.0,17.32,0.0,0.0,,False,False,False,https://trouverunlogement.lescrous.fr/tools/42/accommodations/466
483,Concordia Studio Simple,False,CONCORDIA,41 rue Tournefort 75005 PARIS,PARIS,75005,Paris,48.842,2.349,16.0,16.0,0.0,0.0,,False,False,False,https://trouverunlogement.lescrous.fr/tools/42/accommodations/483
493,Concordia T1 Bis,False,CONCORDIA,41 rue Tournefort 75005 PARIS,PARIS,75005,Paris,48.842,2.349,26.0,26.0,0.0,0.0,,False,False,False,https://trouverunlogement.lescrous.fr/tools/42/accommodations/493
502,Concordia T2,False,CONCORDIA,41 rue Tournefort 75005 PARIS,PARIS,75005,Paris,48.842,2.349,32.0,32.0,0.0,0.0,,False,False,False,https://trouverunlogement.lescrous.fr/tools/42/accommodations/502
509,T1,False,HDB-Antony Jean Zay,55 avenue du Général de Gaulle 92160 ANTONY,ANTONY,92160,HAUTS-DE-BIEVRE,48.762,2.302,14.49,30.02,0.0,0.0,,False,False,False,https://trouverunlogement.lescrous.fr/tools/42/accommodations/509
517,T1,False,Moissy Cramayel - Alfred Sisley,106 rue Bajot 77550 Moissy Cramayel,Moissy Cramayel,77550,SENART_77,48.628,2.589,18.43,19.52,0.0,0.0,,False,False,False,https://trouverunlogement.lescrous.fr/tools/42/accommodations/517
520,CHAMBRE,False,Cergy-La Croix,Quartier Saint-Sylvère 95000 CERGY,CERGY,95000,CERGY,49.031,2.072,9.0,9.0,0.0,0.0,,False,False,False,https://trouverunlogement.lescrous.fr/tools/42/accommodations/520
535,T 1 AB,False,Cergy-Le Square,"9, square de l'échiquier 95800 Cergy st Christophe",Cergy st Christophe,95800,CERGY,49.048,2.027,18.05,18.2,0.0,0.0,,False,False,False,https://trouverunlogement.lescrous.fr/tools/42/accommodations/535
543,Girard 3 T1,False,PHILIPPE DE GIRARD 3,83B RUE PHILIPPE DE GIRARD 75018 PARIS,PARIS,75018,Paris,48.888,2.36,17.3,23.35,0.0,0.0,,False,False,False,https://trouverunlogement.lescrous.fr/tools/42/accommodations/543
548,Girard 3 T2,False,PHILIPPE DE GIRARD 3,83B RUE PHILIPPE DE GIRARD 75018 PARIS,PARIS,75018,Paris,48.888,2.36,28.05,28.05,0.0,0.0,,False,False,False,https://trouverunlogement.lescrous.fr/tools/42/accommodations/548
549,T1 BIS PROV,False,Cergy-Les Chenes,7 rue des chênes d'or 95014 CERGY PONTOISE CEDEX,CERGY PONTOISE CEDEX,95014,CERGY,49.038,2.073,15.81,20.44,0.0,0.0,,False,False,False,https://trouverunlogement.lescrous.fr/tools/42/accommodations/549
552,Girard 3 T5,False,PHILIPPE DE GIRARD 3,83B RUE PHILIPPE DE GIRARD 75018 PARIS,PARIS,75018,Paris,48.888,2.36,76.85,76.85,0.0,0.0,,False,False,False,https://trouverunlogement.lescrous.fr/tools/42/accommodations/552
554,Girard 3 T6,False,PHILIPPE DE GIRARD 3,83B RUE PHILIPPE DE GIRARD 75018 PARIS,PARIS,75018,Paris,48.888,2.36,95.65,95.65,0.0,0.0,,False,False,False,https://trouverunlogement.lescrous.fr/tools/42/accommodations/554
556,Girard 3 T7,False,PHILIPPE DE GIRARD 3,83B RUE PHILIPPE DE GIRARD 75018 PARIS,PARIS,75018,Paris,48.888,2.36,113.25,114.5,0.0,0.0,,False,False,False,https://trouverunlogement.lescrous.fr/tools/42/accommodations/556
567,T1 BIS PROV,False,Cergy-Linandes extension,"1, place des Linandes Mauves 95000 Cergy",Cergy,95000,CERGY,49.043,2.071,16.04,19.44,0.0,0.0,,False,False,False,https://trouverunlogement.lescrous.fr/tools/42/accommodations/567
585,T1,False,Champs Sur Marne - Montesquieu,7 et 7bis Boulevard Copernic 77420 CHAMPS SUR MARNE,CHAMPS SUR MARNE,77420,MARNE-LA-VALLEE_77,48.842,2.586,20.0,20.0,0.0,0.0,,False,False,False,https://trouverunlogement.lescrous.fr/tools/42/accommodations/585
603,REUILLY  T1,False,XXXX REUILLY,"20 bis rue de reuilly , 75012 Paris",Paris,75012,Paris,48.848,2.386,18.0,19.0,0.0,0.0,,False,False,False,https://trouverunlogement.lescrous.fr/tools/42/accommodations/603
604,T 1 BIS,True,Evry- Aunettes,1 Impasse de la Predecelle 91000 EVRY,EVRY,91000,EVRY,48.618,2.434,15.0,16.0,260.0,260.0,alone,False,False,False,https://trouverunlogement.lescrous.fr/tools/42/accommodations/604
622,T1,False,Evry-Dragueur,4 Allée Jean Rostand 91000 EVRY,EVRY,91000,EVRY,48.628,2.432,16.47,26.71,0.0,0.0,,False,False,False,https://trouverunlogement.lescrous.fr/tools/42/accommodations/622
633,T1 PMR PROV,False,VSQ-Adrienne Bolland,1526 RUE LOUIS BLERIOT 78530 BUC,BUC,78530,VERSAILLES -ST-QUENTIN,48.786,2.133,26.67,30.83,0.0,0.0,,False,False,False,https://trouverunlogement.lescrous.fr/tools/42/accommodations/633
634,Chambre confort,False,Evry-Flora Tristan,1 rue Jules Vales 91000 Evry,Evry,91000,EVRY,48.636,2.43,8.14,11.4,0.0,0.0,,False,False,False,https://trouverunlogement.lescrous.fr/tools/42/accommodations/634
641,T2,False,Champs sur Marne - Condorcet,12 Boulevard Newton 77420 CHAMPS SUR MARNE,CHAMPS SUR MARNE,77420,MARNE-LA-VALLEE_77,48.843,2.586,16.5,16.5,0.0,0.0,,False,False,False,https://trouverunlogement.lescrous.fr/tools/42/accommodations/641
642,T2,False,Champs Sur Marne - Montesquieu,7 et 7bis Boulevard Copernic 77420 CHAMPS SUR MARNE,CHAMPS SUR MARNE,77420,MARNE-LA-VALLEE_77,48.842,2.586,17.5,17.5,0.0,0.0,,False,False,False,https://trouverunlogement.lescrous.fr/tools/42/accommodations/642
647,T1,False,Epinay Sur Seine,"6, Avenue de la Republique 93800 EPINAY SUR SEINE",EPINAY SUR SEINE,93800,SEINE-SAINT-DENIS_93,48.952,2.318,18.0,20.9,0.0,0.0,,False,False,False,https://trouverunlogement.lescrous.fr/tools/42/accommodations/647
648,Coubertin Chambre ancien,False,COUBERTIN,"53, rue Lhomond 75005 PARIS",PARIS,75005,Paris,48.842,2.348,0.0,0.0,0.0,0.0,,False,False,False,https://trouverunlogement.lescrous.fr/tools/42/accommodations/648
650,Studette,False,Evry-Flora Tristan,1 rue Jules Vales 91000 Evry,Evry,91000,EVRY,48.636,2.43,9.9,14.0,0.0,0.0,,False,False,False,https://trouverunlogement.lescrous.fr/tools/42/accommodations/650
661,JOURDAN T1,False,JOURDAN,146 - 158Bis RUE DE LA TOMBE ISSOIRE 75014 PARIS,PARIS,75014,Paris,48.823,2.331,19.0,36.0,0.0,0.0,,False,False,False,https://trouverunlogement.lescrous.fr/tools/42/accommodations/661
665,T1 PROV,False,Cergy-La Boucle de l Oise,8 Mail Gay Lussac Neuville-sur-Oise 95031 Cergy-Pontoise Cedex,Cergy-Pontoise Cedex,95031,CERGY,49.015,2.077,17.5,32.32,0.0,0.0,,False,False,False,https://trouverunlogement.lescrous.fr/tools/42/accommodations/665
668,JOURDAN T2,False,JOURDAN,146 - 158Bis RUE DE LA TOMBE ISSOIRE 75014 PARIS,PARIS,75014,Paris,48.823,2.331,42.0,42.0,0.0,0.0,,False,False,False,https://trouverunlogement.lescrous.fr/tools/42/accommodations/668
671,T1,False,Fontainebleau - Raymond Fischesser,3 ter rue de Ferrare 77300 Fontainebleau,Fontainebleau,77300,FONTAINEBLEAU,48.404,2.698,18.11,29.09,0.0,0.0,,False,False,False,https://trouverunlogement.lescrous.fr/tools/42/accommodations/671
673,Avia T1,False,AVIA,"20 bis, rue du Colonel Pierre Avia 75015 PARIS",PARIS,75015,Paris,48.83,2.276,22.0,22.0,0.0,0.0,,False,False,False,https://trouverunlogement.lescrous.fr/tools/42/accommodations/673
678,T1 PROV,False,VSQ-Le Capitole,"4, place Pierre Mendes France 78990 ELANCOURT",ELANCOURT,78990,VERSAILLES -ST-QUENTIN,48.768,1.949,15.8,20.9,0.0,0.0,,False,False,False,https://trouverunlogement.lescrous.fr/tools/42/accommodations/678
680,T1 PMR,False,HDB-Bagneux,2 rue Abraham Lincoln 92220 Bagneux,Bagneux,92220,HAUTS-DE-BIEVRE,48.791,2.317,32.58,32.58,0.0,0.0,,False,False,False,https://trouverunlogement.lescrous.fr/tools/42/accommodations/680
682,Avia T1 PMR,False,AVIA,"20 bis, rue du Colonel Pierre Avia 75015 PARIS",PARIS,75015,Paris,48.83,2.276,22.0,22.0,0.0,0.0,,False,False,False,https://trouverunlogement.lescrous.fr/tools/42/accommodations/682
691,Avia T1bis,False,AVIA,"20 bis, rue du Colonel Pierre Avia 75015 PARIS",PARIS,75015,Paris,48.83,2.276,22.0,35.0,0.0,0.0,,False,False,False,https://trouverunlogement.lescrous.fr/tools/42/accommodations/691
696,T1 PROV,False,HDB-Bagneux,2 rue Abraham Lincoln 92220 Bagneux,Bagneux,92220,HAUTS-DE-BIEVRE,48.791,2.317,20.7,20.7,0.0,0.0,,False,False,False,https://trouverunlogement.lescrous.fr/tools/42/accommodations/696
697,T1,False,Frida Kahlo,79 Rue Edouard Renard 93000 BOBIGNY,BOBIGNY,93000,SEINE-SAINT-DENIS_93,48.917,2.412,16.3,19.5,0.0,0.0,,False,False,False,https://trouverunlogement.lescrous.fr/tools/42/accommodations/697
698,T1 PROV,False,HDB-Les Lombards,31 avenue lombart 92260 Fontenay aux roses,Fontenay aux roses,92260,HAUTS-DE-BIEVRE,48.79,2.293,12.17,33.57,0.0,0.0,,False,False,False,https://trouverunlogement.lescrous.fr/tools/42/accommodations/698
712,Chambre Confort 1,False,Nanterre,8 allée de l'Université 92000 Nanterre,Nanterre,92000,NANTERRE,48.905,2.212,10.74,10.74,0.0,0.0,,False,False,False,https://trouverunlogement.lescrous.fr/tools/42/accommodations/712
714,Bastille T1 PMR,False,BASTILLE,"151, avenue Ledru Rollin 75011 Paris",Paris,75011,Paris,48.855,2.378,14.6,14.6,0.0,0.0,,False,False,False,https://trouverunlogement.lescrous.fr/tools/42/accommodations/714
724,T1 G,False,Frida Kahlo,79 Rue Edouard Renard 93000 BOBIGNY,BOBIGNY,93000,SEINE-SAINT-DENIS_93,48.917,2.412,20.1,24.0,0.0,0.0,,False,False,False,https://trouverunlogement.lescrous.fr/tools/42/accommodations/724
727,Bastille T1bis,False,BASTILLE,"151, avenue Ledru Rollin 75011 Paris",Paris,75011,Paris,48.855,2.378,24.0,24.0,0.0,0.0,,False,False,False,https://trouverunlogement.lescrous.fr/tools/42/accommodations/727
733,T1A,False,Cergy-Les Linandes Mauves,"1, place des Linandes Mauves 95000 CERGY",CERGY,95000,CERGY,49.043,2.071,14.0,14.0,0.0,0.0,,False,False,False,https://trouverunlogement.lescrous.fr/tools/42/accommodations/733
734,Chambre Confort 2,False,Nanterre,8 allée de l'Université 92000 Nanterre,Nanterre,92000,NANTERRE,48.905,2.212,10.74,10.74,0.0,0.0,,False,False,False,https://trouverunlogement.lescrous.fr/tools/42/accommodations/734
756,T2 Couple,False,Frida Kahlo,79 Rue Edouard Renard 93000 BOBIGNY,BOBIGNY,93000,SEINE-SAINT-DENIS_93,48.917,2.412,30.1,31.9,0.0,0.0,,False,False,False,https://trouverunlogement.lescrous.fr/tools/42/accommodations/756
758,Bercy T2,False,BERCY,244 rue de Bercy 75012 PARIS,PARIS,75012,Paris,48.847,2.369,35.0,40.0,0.0,0.0,,False,False,False,https://trouverunlogement.lescrous.fr/tools/42/accommodations/758
761,T1B,False,Cergy-Les Linandes Mauves,"1, place des Linandes Mauves 95000 CERGY",CERGY,95000,CERGY,49.043,2.071,19.0,19.0,0.0,0.0,,False,False,False,https://trouverunlogement.lescrous.fr/tools/42/accommodations/761
763,T1 Studio N1,False,Nanterre,8 allée de l'Université 92000 Nanterre,Nanterre,92000,NANTERRE,48.905,2.212,19.0,23.0,0.0,0.0,,False,False,False,https://trouverunlogement.lescrous.fr/tools/42/accommodations/763
778,Bessières T1,False,BESSIERES,27 boulevard Bessières 75017 PARIS,PARIS,75017,Paris,48.897,2.326,15.0,15.0,0.0,0.0,,False,False,False,https://trouverunlogement.lescrous.fr/tools/42/accommodations/778
786,T2,False,Saint Denis - Guynemer,41 rue Guynemer 93200 Saint Denis,Saint Denis,93200,SEINE-SAINT-DENIS_93,48.948,2.361,16.75,21.94,0.0,0.0,,False,False,False,https://trouverunlogement.lescrous.fr/tools/42/accommodations/786
789,T1C,False,Cergy-Les Linandes Mauves,"1, place des Linandes Mauves 95000 CERGY",CERGY,95000,CERGY,49.043,2.071,24.0,24.0,0.0,0.0,,False,False,False,https://trouverunlogement.lescrous.fr/tools/42/accommodations/789
790,Chambre Handicapé,False,HDB-Saints-Sauveurs,"15, rue des saints sauveurs 92260 FONTENAY AUX ROSES",FONTENAY AUX ROSES,92260,HAUTS-DE-BIEVRE,48.79,2.297,24.0,24.0,0.0,0.0,,False,False,False,https://trouverunlogement.lescrous.fr/tools/42/accommodations/790
792,Studio 2,False,Nanterre,8 allée de l'Université 92000 Nanterre,Nanterre,92000,NANTERRE,48.905,2.212,18.0,22.0,0.0,0.0,,False,False,False,https://trouverunlogement.lescrous.fr/tools/42/accommodations/792
797,Bessières T1 PMR,False,BESSIERES,27 boulevard Bessières 75017 PARIS,PARIS,75017,Paris,48.897,2.326,0.0,0.0,0.0,0.0,,False,False,False,https://trouverunlogement.lescrous.fr/tools/42/accommodations/797
802,T1 Couple,False,Ilot des poiriers,"1, rue Frederic Joliot Curie 93430 VILLETANEUSE",VILLETANEUSE,93430,SEINE-SAINT-DENIS_93,48.954,2.344,29.45,32.2,0.0,0.0,,False,False,False,https://trouverunlogement.lescrous.fr/tools/42/accommodations/802
812,Bisson T1,False,BISSON,21 rue Bisson 75020 PARIS,PARIS,75020,Paris,48.871,2.38,19.0,19.0,0.0,0.0,,False,False,False,https://trouverunlogement.lescrous.fr/tools/42/accommodations/812
816,T1 PROV,False,Orsay-Fleming,"21, rue André Maginot 91400 ORSAY",ORSAY,91400,ORSAY,48.694,2.185,12.94,26.78,0.0,0.0,,False,False,False,https://trouverunlogement.lescrous.fr/tools/42/accommodations/816
817,Studio,False,HDB-Saints-Sauveurs,"15, rue des saints sauveurs 92260 FONTENAY AUX ROSES",FONTENAY AUX ROSES,92260,HAUTS-DE-BIEVRE,48.79,2.297,32.0,32.0,0.0,0.0,,False,False,False,https://trouverunlogement.lescrous.fr/tools/42/accommodations/817
831,Bonaparte T1,False,BONAPARTE,"24, rue Bonaparte 75006 PARIS",PARIS,75006,Paris,48.856,2.334,15.0,15.0,0.0,0.0,,False,False,False,https://trouverunlogement.lescrous.fr/tools/42/accommodations/831
836,T1,False,Ilot des poiriers,"1, rue Frederic Joliot Curie 93430 VILLETANEUSE",VILLETANEUSE,93430,SEINE-SAINT-DENIS_93,48.954,2.344,19.0,19.5,0.0,0.0,,False,False,False,https://trouverunlogement.lescrous.fr/tools/42/accommodations/836
840,T 1,False,Orsay-L Ile,"Bâtiment 227 14, rue du Docteur Collé 91440 Bures sur Yvette",Bures sur Yvette,91440,ORSAY,48.699,2.164,18.13,22.7,0.0,0.0,,False,False,False,https://trouverunlogement.lescrous.fr/tools/42/accommodations/840
854,CAVE - T1,False,CAVE,22/24 rue Cavé 75018 Paris,Paris,75018,Paris,48.887,2.354,18.0,19.0,0.0,0.0,,False,False,False,https://trouverunlogement.lescrous.fr/tools/42/accommodations/854
857,T 1 BIS,False,HDB-Saints-Sauveurs,"15, rue des saints sauveurs 92260 FONTENAY AUX ROSES",FONTENAY AUX ROSES,92260,HAUTS-DE-BIEVRE,48.79,2.297,19.0,19.0,0.0,0.0,,False,False,False,https://trouverunlogement.lescrous.fr/tools/42/accommodations/857
862,T1,False,IRD,17 Rue Lucien Chapelain 93140 BONDY,BONDY,93140,SEINE-SAINT-DENIS_93,48.913,2.487,18.0,18.0,0.0,0.0,,False,False,False,https://trouverunlogement.lescrous.fr/tools/42/accommodations/862
867,Championnet T1,False,CHAMPIONNET,"204, rue Championnet 75018 PARIS",PARIS,75018,Paris,48.894,2.331,16.0,21.0,0.0,0.0,,False,False,False,https://trouverunlogement.lescrous.fr/tools/42/accommodations/867
875,T1 PROV,False,VSQ-Adrienne Bolland,1526 RUE LOUIS BLERIOT 78530 BUC,BUC,78530,VERSAILLES -ST-QUENTIN,48.786,2.133,17.24,22.84,0.0,0.0,,False,False,False,https://trouverunlogement.lescrous.fr/tools/42/accommodations/875
877,Championnet T1 PMR,False,CHAMPIONNET,"204, rue Championnet 75018 PARIS",PARIS,75018,Paris,48.894,2.331,16.0,21.0,0.0,0.0,,False,False,False,https://trouverunlogement.lescrous.fr/tools/42/accommodations/877
887,Championnet T2,False,CHAMPIONNET,"204, rue Championnet 75018 PARIS",PARIS,75018,Paris,48.894,2.331,39.0,39.0,0.0,0.0,,False,False,False,https://trouverunlogement.lescrous.fr/tools/42/accommodations/887
889,T1 PMR,False,IRD,17 Rue Lucien Chapelain 93140 BONDY,BONDY,93140,SEINE-SAINT-DENIS_93,48.913,2.487,18.0,18.0,0.0,0.0,,False,False,False,https://trouverunlogement.lescrous.fr/tools/42/accommodations/889
890,Andrée Chedid T1 PMR,False,ANDREE CHEDID,8 rue Romy schneider 75018 PARIS,PARIS,75018,Paris,48.888,2.361,14.0,22.0,0.0,0.0,,False,False,False,https://trouverunlogement.lescrous.fr/tools/42/accommodations/890
891,T1 PROV,False,VSQ-Jacqueline De Romilly,"52, avenue Villeneuve l Etang-78000 VERSAILLES",,,VERSAILLES -ST-QUENTIN,48.819,2.149,18.03,24.3,0.0,0.0,,False,False,False,https://trouverunlogement.lescrous.fr/tools/42/accommodations/891
895,T1 BIS PROV,False,HDB-Bagneux,2 rue Abraham Lincoln 92220 Bagneux,Bagneux,92220,HAUTS-DE-BIEVRE,48.791,2.317,19.81,22.79,0.0,0.0,,False,False,False,https://trouverunlogement.lescrous.fr/tools/42/accommodations/895
900,CHAMPIONNET2 - T1,False,CHAMPIONNET 2,2 rue Championnet 75018 Paris,Paris,75018,Paris,48.895,2.353,18.0,20.0,0.0,0.0,,False,False,False,https://trouverunlogement.lescrous.fr/tools/42/accommodations/900
907,CHAMPIONNET2 - T1 PMR,False,CHAMPIONNET 2,2 rue Championnet 75018 Paris,Paris,75018,Paris,48.895,2.353,18.0,20.0,0.0,0.0,,False,False,False,https://trouverunlogement.lescrous.fr/tools/42/accommodations/907
908,Studio,False,Clichy,71-73 rue Villeneuve 92110 CLICHY LA GARENNE,CLICHY LA GARENNE,92110,NANTERRE,48.907,2.315,17.48,25.37,0.0,0.0,,False,False,False,https://trouverunlogement.lescrous.fr/tools/42/accommodations/908
909,T1 PROV,False,VSQ-La Fresque,"10, rue Edmé Bouchardon 78000 Versailles",Versailles,78000,VERSAILLES -ST-QUENTIN,48.811,2.146,17.0,25.3,0.0,0.0,,False,False,False,https://trouverunlogement.lescrous.fr/tools/42/accommodations/909
913,T1,False,Le Trident,3/5 voie Felix Eboue 94000 CRETEIL,CRETEIL,94000,CRETEIL,48.797,2.45,18.2,20.5,0.0,0.0,,False,False,False,https://trouverunlogement.lescrous.fr/tools/42/accommodations/913
922,T1 PROV,False,VSQ-Saint-Cloud,"2, Avenue Pozzo di Borgo 92210 - SAINT-CLOUD",- SAINT-CLOUD,92210,VERSAILLES -ST-QUENTIN,48.845,2.216,18.9,39.0,0.0,0.0,,False,False,False,https://trouverunlogement.lescrous.fr/tools/42/accommodations/922
928,T1PMR,False,Le Trident,3/5 voie Felix Eboue 94000 CRETEIL,CRETEIL,94000,CRETEIL,48.797,2.45,18.5,18.5,0.0,0.0,,False,False,False,https://trouverunlogement.lescrous.fr/tools/42/accommodations/928
936,STUDIO,False,Orsay-Emilie du Châtelet,13 rue Joliot Curie 91190 Gif sur Yvette,Gif sur Yvette,91190,ORSAY,48.71,2.17,18.0,18.0,0.0,0.0,,False,False,False,https://trouverunlogement.lescrous.fr/tools/42/accommodations/936
939,Convention T1,False,CONVENTION,"161 bis, rue de la convention 75015 PARIS",PARIS,75015,Paris,48.839,2.293,18.0,21.0,0.0,0.0,,False,False,False,https://trouverunlogement.lescrous.fr/tools/42/accommodations/939
947,Convention T2,False,CONVENTION,"161 bis, rue de la convention 75015 PARIS",PARIS,75015,Paris,48.839,2.293,27.0,27.0,0.0,0.0,,False,False,False,https://trouverunlogement.lescrous.fr/tools/42/accommodations/947
948,T 1,False,HDB-Saints-Sauveurs,"15, rue des saints sauveurs 92260 FONTENAY AUX ROSES",FONTENAY AUX ROSES,92260,HAUTS-DE-BIEVRE,48.79,2.297,14.5,14.5,0.0,0.0,,False,False,False,https://trouverunlogement.lescrous.fr/tools/42/accommodations/948
955,Cour des Noues T1,False,COUR DES NOUES,4/6 rue de la cour des noues 75020 paris,paris,75020,Paris,48.864,2.403,16.0,23.0,0.0,0.0,,False,False,False,https://trouverunlogement.lescrous.fr/tools/42/accommodations/955
964,T1 PROV,False,VSQ-Jacqueline Auriol,"64, avenue Gaston Boissier 78220 Viroflay",Viroflay,78220,VERSAILLES -ST-QUENTIN,48.8,2.181,18.02,32.98,0.0,0.0,,False,False,False,https://trouverunlogement.lescrous.fr/tools/42/accommodations/964
965,Dareau1 Ch. 9,False,DAREAU,13 à 17 rue dareau 75014 paris,paris,75014,Paris,48.831,2.338,9.0,9.0,0.0,0.0,,False,False,False,https://trouverunlogement.lescrous.fr/tools/42/accommodations/965
983,T1 PROV,False,VSQ-Elancourt,"3, Rue du Théatre 78990 - ELANCOURT",- ELANCOURT,78990,VERSAILLES -ST-QUENTIN,48.767,1.948,11.5,21.5,0.0,0.0,,False,False,False,https://trouverunlogement.lescrous.fr/tools/42/accommodations/983
984,Dareau1 STUDIO,False,DAREAU,13 à 17 rue dareau 75014 paris,paris,75014,Paris,48.831,2.338,9.0,20.0,0.0,0.0,,False,False,False,https://trouverunlogement.lescrous.fr/tools/42/accommodations/984
985,T1 PMR,False,Lieusaint,1 rue du Terme Boreal 77127 LIEUSAINT,LIEUSAINT,77127,SENART_77,48.629,2.554,19.63,19.63,0.0,0.0,,False,False,False,https://trouverunlogement.lescrous.fr/tools/42/accommodations/985
991,COUBERTIN STUDIO,False,COUBERTIN,"53, rue Lhomond 75005 PARIS",PARIS,75005,Paris,48.842,2.348,11.41,22.9,0.0,0.0,,False,False,False,https://trouverunlogement.lescrous.fr/tools/42/accommodations/991
993,T1 PROV,False,HDB-Louise Bourgeois,"3, rue de l Annapurna 92160 ANTONY",ANTONY,92160,HAUTS-DE-BIEVRE,48.737,2.285,17.1,34.74,0.0,0.0,,False,False,False,https://trouverunlogement.lescrous.fr/tools/42/accommodations/993
998,Dareau1 STUDIO PMR,False,DAREAU,13 à 17 rue dareau 75014 paris,paris,75014,Paris,48.831,2.338,0.0,0.0,0.0,0.0,,False,False,False,https://trouverunlogement.lescrous.fr/tools/42/accommodations/998
1004,T2,False,Mail des Meches,1 Rue de la Porte des Champs 94000 Créteil,Créteil,94000,CRETEIL,48.788,2.45,16.94,17.03,0.0,0.0,,False,False,False,https://trouverunlogement.lescrous.fr/tools/42/accommodations/1004
1012,Chambre,False,Orsay-Pacaterie,bat.499 rue de la Pacaterie 91400 Orsay,Orsay,91400,ORSAY,48.702,2.185,9.0,9.0,0.0,0.0,,False,False,False,https://trouverunlogement.lescrous.fr/tools/42/accommodations/1012
1017,Dareau2 T1,False,DAREAU,13 à 17 rue dareau 75014 paris,paris,75014,Paris,48.831,2.338,17.0,25.0,0.0,0.0,,False,False,False,https://trouverunlogement.lescrous.fr/tools/42/accommodations/1017
1019,T1,False,Evry-Marguerite Yourcenar,15 rue André Lalande 91000 EVRY,EVRY,91000,EVRY,48.623,2.425,16.0,24.4,0.0,0.0,,False,False,False,https://trouverunlogement.lescrous.fr/tools/42/accommodations/1019
1022,T1,False,Lognes,26-28-30 Rue Bouquet 77185 LOGNES,LOGNES,77185,MARNE-LA-VALLEE_77,48.837,2.633,18.0,24.83,0.0,0.0,,False,False,False,https://trouverunlogement.lescrous.fr/tools/42/accommodations/1022
1028,Dareau2 T1 PMR,False,DAREAU,13 à 17 rue dareau 75014 paris,paris,75014,Paris,48.831,2.338,0.0,0.0,0.0,0.0,,False,False,False,https://trouverunlogement.lescrous.fr/tools/42/accommodations/1028
1031,T1 Colocation,True,Cergy-Le Square,"9, square de l'échiquier 95800 Cergy st Christophe",Cergy st Christophe,95800,CERGY,49.048,2.027,0.0,0.0,345.04,345.04,house_sharing,False,False,False,https://trouverunlogement.lescrous.fr/tools/42/accommodations/1031
1034,FRERES FLAVIEN T1,False,FRERES FLAVIEN,23-25 RUE DES FRERES FLAVIEN 75020 PARIS,PARIS,75020,Paris,48.875,2.413,18.0,18.0,0.0,0.0,,False,False,False,https://trouverunlogement.lescrous.fr/tools/42/accommodations/1034
1039,T1 PROV,False,VSQ-Simone Weil - Boulogne,5 place Joseph Frantz 92100 BOULOGNE BILLANCOURT,BOULOGNE BILLANCOURT,92100,VERSAILLES -ST-QUENTIN,48.828,2.235,16.5,23.95,0.0,0.0,,False,False,False,https://trouverunlogement.lescrous.fr/tools/42/accommodations/1039
1042,Daviel T1,False,DAVIEL,29/31 rue Daviel - 75013 PARIS,PARIS,75013,Paris,48.828,2.344,16.0,31.0,0.0,0.0,,False,False,False,https://trouverunlogement.lescrous.fr/tools/42/accommodations/1042
1046,T2,False,Cachan,62/78 rue Camille Desmoulins 94230 Cachan,Cachan,94230,CACHAN,48.791,2.332,13.0,14.75,0.0,0.0,,False,False,False,https://trouverunlogement.lescrous.fr/tools/42/accommodations/1046
1051,Daviel T1 PMR,False,DAVIEL,29/31 rue Daviel - 75013 PARIS,PARIS,75013,Paris,48.828,2.344,20.0,20.0,0.0,0.0,,False,False,False,https://trouverunlogement.lescrous.fr/tools/42/accommodations/1051
1054,T1 A,False,Mail des Meches,1 Rue de la Porte des Champs 94000 Créteil,Créteil,94000,CRETEIL,48.788,2.45,18.02,21.02,0.0,0.0,,False,False,False,https://trouverunlogement.lescrous.fr/tools/42/accommodations/1054
1057,Chambre,False,Orsay-Ulis,"15, rue le Bosquet 91940 les ULIS",les ULIS,91940,ORSAY,48.68,2.165,9.0,10.0,0.0,0.0,,False,False,False,https://trouverunlogement.lescrous.fr/tools/42/accommodations/1057
1063,T5 Colocation,True,Cergy-Les Chateaux,QUARTIER ST SYLVERE 95014 CERGY PONTOISE CEDEX,CERGY PONTOISE CEDEX,95014,CERGY,49.031,2.076,97.05,97.05,299.63,299.63,house_sharing,False,False,False,https://trouverunlogement.lescrous.fr/tools/42/accommodations/1063
1065,Delaitre T1,False,DELAITRE,9 rue Delaitre 75020 PARIS,PARIS,75020,Paris,48.868,2.387,18.0,21.0,0.0,0.0,,False,False,False,https://trouverunlogement.lescrous.fr/tools/42/accommodations/1065
1066,T1 Colocation,True,Cergy-Les Chateaux,QUARTIER ST SYLVERE 95014 CERGY PONTOISE CEDEX,CERGY PONTOISE CEDEX,95014,CERGY,49.031,2.076,24.85,38.63,246.98,286.22,house_sharing,False,False,False,https://trouverunlogement.lescrous.fr/tools/42/accommodations/1066
1072,T1 PMR PROV,False,VSQ-Elancourt,"3, Rue du Théatre 78990 - ELANCOURT",- ELANCOURT,78990,VERSAILLES -ST-QUENTIN,48.767,1.948,25.5,30.5,0.0,0.0,,False,False,False,https://trouverunlogement.lescrous.fr/tools/42/accommodations/1072
1092,T1 B,False,Mail des Meches,1 Rue de la Porte des Champs 94000 Créteil,Créteil,94000,CRETEIL,48.788,2.45,20.8,23.26,0.0,0.0,,False,False,False,https://trouverunlogement.lescrous.fr/tools/42/accommodations/1092
1099,Docteur Yersin T1,False,DOCTEUR YERSIN,"6, Place du Docteur Yersin 75013 PARIS",PARIS,75013,Paris,48.821,2.372,18.0,18.0,0.0,0.0,,False,False,False,https://trouverunlogement.lescrous.fr/tools/42/accommodations/1099
1112,Domremy T1,False,DOMREMY,"51/53, rue de Domremy 75013 PARIS",PARIS,75013,Paris,48.828,2.37,18.0,22.0,0.0,0.0,,False,False,False,https://trouverunlogement.lescrous.fr/tools/42/accommodations/1112
1120,T1 C,False,Mail des Meches,1 Rue de la Porte des Champs 94000 Créteil,Créteil,94000,CRETEIL,48.788,2.45,26.11,27.9,0.0,0.0,,False,False,False,https://trouverunlogement.lescrous.fr/tools/42/accommodations/1120
1127,Fontaine1 T1,False,FONTAINE AU ROI 1,91/95 rue de la Fontaine-au-roi 75011 Paris,Paris,75011,Paris,48.87,2.378,16.0,18.0,0.0,0.0,,False,False,False,https://trouverunlogement.lescrous.fr/tools/42/accommodations/1127
1141,Fontaine2 T1,False,FONTAINE AU ROI 2,88/90 rue de la Fontaine-au-roi 75011 PARIS,PARIS,75011,Paris,48.869,2.377,17.0,22.0,0.0,0.0,,False,False,False,https://trouverunlogement.lescrous.fr/tools/42/accommodations/1141
1155,Forest Cav. T1,False,FOREST CAVALLOTTI,"2, rue Cavallotti 75018 - PARIS",- PARIS,75018,Paris,48.886,2.329,19.0,26.0,0.0,0.0,,False,False,False,https://trouverunlogement.lescrous.fr/tools/42/accommodations/1155
1156,T1,False,Marcel Pagnol,"3 rue, Roger Salengro 93430 VILLETANEUSE",VILLETANEUSE,93430,SEINE-SAINT-DENIS_93,48.963,2.344,21.0,21.0,0.0,0.0,,False,False,False,https://trouverunlogement.lescrous.fr/tools/42/accommodations/1156
1170,T5 PROV,False,Cergy-Les Chateaux,QUARTIER ST SYLVERE 95014 CERGY PONTOISE CEDEX,CERGY PONTOISE CEDEX,95014,CERGY,49.031,2.076,19.41,19.41,0.0,0.0,,False,False,False,https://trouverunlogement.lescrous.fr/tools/42/accommodations/1170
1175,Forest Cav. T1 PMR,False,FOREST CAVALLOTTI,"2, rue Cavallotti 75018 - PARIS",- PARIS,75018,Paris,48.886,2.329,26.0,26.0,0.0,0.0,,False,False,False,https://trouverunlogement.lescrous.fr/tools/42/accommodations/1175
1188,Forest Cav. T2,False,FOREST CAVALLOTTI,"2, rue Cavallotti 75018 - PARIS",- PARIS,75018,Paris,48.886,2.329,35.0,35.0,0.0,0.0,,False,False,False,https://trouverunlogement.lescrous.fr/tools/42/accommodations/1188
1201,Studio VIP,False,VSQ-Saint-Cloud,"2, Avenue Pozzo di Borgo 92210 - SAINT-CLOUD",- SAINT-CLOUD,92210,VERSAILLES -ST-QUENTIN,48.845,2.216,25.0,30.0,0.0,0.0,,False,False,False,https://trouverunlogement.lescrous.fr/tools/42/accommodations/1201
1205,Croisset Duplex,False,FRANCIS DE CROISSET,"8, rue Francis de Croisset 75018 PARIS",PARIS,75018,Paris,48.9,2.347,44.0,46.0,0.0,0.0,,False,False,False,https://trouverunlogement.lescrous.fr/tools/42/accommodations/1205
1219,Croisset T1,False,FRANCIS DE CROISSET,"8, rue Francis de Croisset 75018 PARIS",PARIS,75018,Paris,48.9,2.347,20.0,20.0,0.0,0.0,,False,False,False,https://trouverunlogement.lescrous.fr/tools/42/accommodations/1219
1229,T1,False,Montreuil,2 rue Yélimané 93100 MONTREUIL,MONTREUIL,93100,SEINE-SAINT-DENIS_93,48.861,2.458,17.3,20.6,0.0,0.0,,False,False,False,https://trouverunlogement.lescrous.fr/tools/42/accommodations/1229
1235,Croisset T1bis,False,FRANCIS DE CROISSET,"8, rue Francis de Croisset 75018 PARIS",PARIS,75018,Paris,48.9,2.347,32.0,32.0,0.0,0.0,,False,False,False,https://trouverunlogement.lescrous.fr/tools/42/accommodations/1235
1252,Goncourt T1,False,FRERES GONCOURT,117 bis rue de ménilmontant 75020 paris,paris,75020,Paris,48.87,2.393,18.0,28.0,0.0,0.0,,False,False,False,https://trouverunlogement.lescrous.fr/tools/42/accommodations/1252
1260,REUILLY T2,False,REUILLY,2 passage Marie Rogissart 75012 Paris,Paris,75012,Paris,48.848,2.386,14.845,15.47,0.0,0.0,,False,False,False,https://trouverunlogement.lescrous.fr/tools/42/accommodations/1260
1266,REUILLY T3,False,REUILLY,2 passage Marie Rogissart 75012 Paris,Paris,75012,Paris,48.848,2.386,14.24,15.83,0.0,0.0,,False,False,False,https://trouverunlogement.lescrous.fr/tools/42/accommodations/1266
1269,Goutte d Or T1,False,GOUTTE D'OR,48 A - rue de la goutte d or - 75018 Paris,Paris,75018,Paris,48.885,2.351,15.0,21.0,0.0,0.0,,False,False,False,https://trouverunlogement.lescrous.fr/tools/42/accommodations/1269
1270,T1 G,False,Montreuil,2 rue Yélimané 93100 MONTREUIL,MONTREUIL,93100,SEINE-SAINT-DENIS_93,48.861,2.458,21.2,23.9,0.0,0.0,,False,False,False,https://trouverunlogement.lescrous.fr/tools/42/accommodations/1270
1284,Hostater T1 PMR,False,HOSTATER,"24, RUE DE LA HARPE 75005 PARIS",PARIS,75005,Paris,48.852,2.344,19.6,24.0,0.0,0.0,,False,False,False,https://trouverunlogement.lescrous.fr/tools/42/accommodations/1284
1302,Hostater T2 PMR,False,HOSTATER,"24, RUE DE LA HARPE 75005 PARIS",PARIS,75005,Paris,48.852,2.344,38.0,38.0,0.0,0.0,,False,False,False,https://trouverunlogement.lescrous.fr/tools/42/accommodations/1302
1310,Studette,False,PRE-SAINT-GERVAIS,13/25 rue Stalingrad 93310 Le Pre-Saint-Gervais,Le Pre-Saint-Gervais,93310,SEINE-SAINT-DENIS_93,48.887,2.401,15.58,17.89,0.0,0.0,,False,False,False,https://trouverunlogement.lescrous.fr/tools/42/accommodations/1310
1321,Rollin T1,False,ROLLIN,8 rue Rollin 75005 PARIS,PARIS,75005,Paris,48.845,2.35,18.0,21.0,0.0,0.0,,False,False,False,https://trouverunlogement.lescrous.fr/tools/42/accommodations/1321
1335,INDOCHINE - T1bis,False,INDOCHINE,18 boulevard Indochine 75019 Paris,Paris,75019,Paris,48.884,2.397,32.0,32.0,0.0,0.0,,False,False,False,https://trouverunlogement.lescrous.fr/tools/42/accommodations/1335
1337,Rollin T1bis,False,ROLLIN,8 rue Rollin 75005 PARIS,PARIS,75005,Paris,48.845,2.35,21.0,40.0,0.0,0.0,,False,False,False,https://trouverunlogement.lescrous.fr/tools/42/accommodations/1337
1339,Chambre,False,Chatenay-Malabry,75 rue Vincent Fayo 92290 Châtenay-Malabry,Châtenay-Malabry,92290,HAUTS-DE-BIEVRE,48.763,2.283,9.0,9.0,0.0,0.0,,False,False,False,https://trouverunlogement.lescrous.fr/tools/42/accommodations/1339
1343,Studio,False,PRE-SAINT-GERVAIS,13/25 rue Stalingrad 93310 Le Pre-Saint-Gervais,Le Pre-Saint-Gervais,93310,SEINE-SAINT-DENIS_93,48.887,2.401,19.35,19.54,0.0,0.0,,False,False,False,https://trouverunlogement.lescrous.fr/tools/42/accommodations/1343
1385,Sarrailh Studio PMR,False,JEAN SARRAILH,"39, avenue Georges Bernanos 75231 Paris Cedex 05",Paris Cedex 05,75231,Paris,48.84,2.337,0.0,0.0,0.0,0.0,,False,False,False,https://trouverunlogement.lescrous.fr/tools/42/accommodations/1385
1388,T1,False,PRE-SAINT-GERVAIS,13/25 rue Stalingrad 93310 Le Pre-Saint-Gervais,Le Pre-Saint-Gervais,93310,SEINE-SAINT-DENIS_93,48.887,2.401,23.78,25.33,0.0,0.0,,False,False,False,https://trouverunlogement.lescrous.fr/tools/42/accommodations/1388
1396,Julie Daubié T1,False,JULIE DAUBIE,14-18 rue Julie Daubié 75013 PARIS,PARIS,75013,Paris,48.827,2.378,19.0,27.0,0.0,0.0,,False,False,False,https://trouverunlogement.lescrous.fr/tools/42/accommodations/1396
1403,St-Jacques Chambre Confort,False,SAINT-JACQUES,"26, rue du Faubourg Saint-Jacques 75014 PARIS",PARIS,75014,Paris,48.837,2.338,11.0,18.0,0.0,0.0,,False,False,False,https://trouverunlogement.lescrous.fr/tools/42/accommodations/1403
1410,La Garenne T1,False,LA GARENNE,"7, Place de la Garenne 75014 PARIS",PARIS,75014,Paris,48.833,2.32,18.0,22.0,0.0,0.0,,False,False,False,https://trouverunlogement.lescrous.fr/tools/42/accommodations/1410
1418,T1,False,Saint Denis - Eugene Pottier,12 rue Eugene Pottier 93200 Saint-Denis,Saint-Denis,93200,SEINE-SAINT-DENIS_93,48.949,2.355,15.38,28.03,0.0,0.0,,False,False,False,https://trouverunlogement.lescrous.fr/tools/42/accommodations/1418
1428,Laghouat T1,False,LAGHOUAT,"24, 28 Rue Laghouat 75018 Paris",Paris,75018,Paris,48.888,2.354,17.0,23.0,0.0,0.0,,False,False,False,https://trouverunlogement.lescrous.fr/tools/42/accommodations/1428
1447,Les Cascades T1,False,LES CASCADES,52 Rue des Cascades 75020 Paris,Paris,75020,Paris,48.872,2.391,16.0,18.0,0.0,0.0,,False,False,False,https://trouverunlogement.lescrous.fr/tools/42/accommodations/1447
1465,T1,False,Saint Denis - Guynemer,41 rue Guynemer 93200 Saint Denis,Saint Denis,93200,SEINE-SAINT-DENIS_93,48.948,2.361,17.71,22.32,0.0,0.0,,False,False,False,https://trouverunlogement.lescrous.fr/tools/42/accommodations/1465
1469,Bourgeois T1 PMR,False,LOUISE BOURGEOIS,9-11-13 rue Louise Bourgeois 75013 Paris,Paris,75013,Paris,48.826,2.379,18.0,25.0,0.0,0.0,,False,False,False,https://trouverunlogement.lescrous.fr/tools/42/accommodations/1469
1484,Luneville T1,False,LUNEVILLE,9 rue de Lunéville 75019 Paris,Paris,75019,Paris,48.887,2.388,17.0,26.0,0.0,0.0,,False,False,False,https://trouverunlogement.lescrous.fr/tools/42/accommodations/1484
1495,MLK - T1,False,MARTIN LUTHER KING,20/26 rue Bernard Buffet - 75017 Paris,Paris,75017,Paris,48.891,2.315,19.0,23.0,0.0,0.0,,False,False,False,https://trouverunlogement.lescrous.fr/tools/42/accommodations/1495
1498,Chambre,False,Saint Denis - Hermitage,Place du 8 Mai 1945 93200 Saint-Denis,Saint-Denis,93200,SEINE-SAINT-DENIS_93,48.933,2.355,9.0,9.0,0.0,0.0,,False,False,False,https://trouverunlogement.lescrous.fr/tools/42/accommodations/1498
1501,T2,False,Combs La Ville - Ilot du Bel Air,20 - 28 rue des Brandons 77380 Combs La Ville,Combs La Ville,77380,SENART_77,48.665,2.558,17.05,17.575,0.0,0.0,,False,False,False,https://trouverunlogement.lescrous.fr/tools/42/accommodations/1501
1504,Studette 1,False,Nanterre,8 allée de l'Université 92000 Nanterre,Nanterre,92000,NANTERRE,48.905,2.212,15.0,21.85,0.0,0.0,,False,False,False,https://trouverunlogement.lescrous.fr/tools/42/accommodations/1504
1509,Mazet T1,False,MAZET,"5B, rue André Mazet 75006 PARIS",PARIS,75006,Paris,48.854,2.339,17.0,26.0,0.0,0.0,,False,False,False,https://trouverunlogement.lescrous.fr/tools/42/accommodations/1509
1520,Ménilmontant T1,False,MENILMONTANT,124/130 bd de ménilmontant 75020 paris,paris,75020,Paris,48.866,2.384,18.0,20.0,0.0,0.0,,False,False,False,https://trouverunlogement.lescrous.fr/tools/42/accommodations/1520
1526,Studette 2,False,Nanterre,8 allée de l'Université 92000 Nanterre,Nanterre,92000,NANTERRE,48.905,2.212,14.6,15.0,0.0,0.0,,False,False,False,https://trouverunlogement.lescrous.fr/tools/42/accommodations/1526
1529,Chambre PMR,False,Saint Denis - Hermitage,Place du 8 Mai 1945 93200 Saint-Denis,Saint-Denis,93200,SEINE-SAINT-DENIS_93,48.933,2.355,25.0,25.0,0.0,0.0,,False,False,False,https://trouverunlogement.lescrous.fr/tools/42/accommodations/1529
1534,Ménilmontant T2,False,MENILMONTANT,124/130 bd de ménilmontant 75020 paris,paris,75020,Paris,48.866,2.384,36.0,36.0,0.0,0.0,,False,False,False,https://trouverunlogement.lescrous.fr/tools/42/accommodations/1534
1538,T1 GRAND,False,Combs La Ville - Ilot du Bel Air,20 - 28 rue des Brandons 77380 Combs La Ville,Combs La Ville,77380,SENART_77,48.665,2.558,29.91,34.77,0.0,0.0,,False,False,False,https://trouverunlogement.lescrous.fr/tools/42/accommodations/1538
1546,Ménilmontant 2 T1,False,MENILMONTANT2,109 rue de Ménilmontant 75020 Paris,Paris,75020,Paris,48.869,2.393,16.0,25.0,0.0,0.0,,False,False,False,https://trouverunlogement.lescrous.fr/tools/42/accommodations/1546
1548,Studio PMR,False,Nanterre,8 allée de l'Université 92000 Nanterre,Nanterre,92000,NANTERRE,48.905,2.212,19.0,19.0,0.0,0.0,,False,False,False,https://trouverunlogement.lescrous.fr/tools/42/accommodations/1548
1560,Bourges T1,False,MICHEL DE BOURGES,"8/10, rue Michel de Bourges 75020 PARIS",PARIS,75020,Paris,48.854,2.401,15.0,21.0,0.0,0.0,,False,False,False,https://trouverunlogement.lescrous.fr/tools/42/accommodations/1560
1564,T1,False,Stains,38/42 rue du Chemin St Leger 93240 Stains,Stains,93240,SEINE-SAINT-DENIS_93,48.947,2.376,16.0,31.88,0.0,0.0,,False,False,False,https://trouverunlogement.lescrous.fr/tools/42/accommodations/1564
1573,Bourges T1bis,False,MICHEL DE BOURGES,"8/10, rue Michel de Bourges 75020 PARIS",PARIS,75020,Paris,48.854,2.401,26.0,28.0,0.0,0.0,,False,False,False,https://trouverunlogement.lescrous.fr/tools/42/accommodations/1573
1584,Myrha T1,False,MYRHA,"61, rue Myrha 75018 PARIS",PARIS,75018,Paris,48.887,2.351,18.0,22.0,0.0,0.0,,False,False,False,https://trouverunlogement.lescrous.fr/tools/42/accommodations/1584
1591,T1,False,Torcy,"20, 22, 24 Promenade du Belvedere 77200 TORCY",TORCY,77200,MARNE-LA-VALLEE_77,48.851,2.654,15.0,19.05,0.0,0.0,,False,False,False,https://trouverunlogement.lescrous.fr/tools/42/accommodations/1591
1594,Myrha 2 T1,False,MYRHA 2,"55, Rue Myrha 75018 Paris",Paris,75018,Paris,48.887,2.352,18.0,21.0,0.0,0.0,,False,False,False,https://trouverunlogement.lescrous.fr/tools/42/accommodations/1594
1607,Myrha 2 T3,False,MYRHA 2,"55, Rue Myrha 75018 Paris",Paris,75018,Paris,48.887,2.352,51.0,51.0,0.0,0.0,,False,False,False,https://trouverunlogement.lescrous.fr/tools/42/accommodations/1607
1616,Bercy T3,False,BERCY,244 rue de Bercy 75012 PARIS,PARIS,75012,Paris,48.847,2.369,64.0,64.0,0.0,0.0,,False,False,False,https://trouverunlogement.lescrous.fr/tools/42/accommodations/1616
1619,T1 17,False,Torcy,"20, 22, 24 Promenade du Belvedere 77200 TORCY",TORCY,77200,MARNE-LA-VALLEE_77,48.851,2.654,15.33,17.22,0.0,0.0,,False,False,False,https://trouverunlogement.lescrous.fr/tools/42/accommodations/1619
1622,Lepaute T1,False,NICOLE REINE LEPAUTE,3/11 Rue Nicole Reine Lepaute 75013 PARIS,PARIS,75013,Paris,48.827,2.382,16.0,22.0,0.0,0.0,,False,False,False,https://trouverunlogement.lescrous.fr/tools/42/accommodations/1622
1631,Ornano T1,False,ORNANO,"46, 46bis, Bd Ornano 75018 PARIS",PARIS,75018,Paris,48.895,2.347,23.0,23.0,0.0,0.0,,False,False,False,https://trouverunlogement.lescrous.fr/tools/42/accommodations/1631
1642,Ornano T1bis,False,ORNANO,"46, 46bis, Bd Ornano 75018 PARIS",PARIS,75018,Paris,48.895,2.347,34.0,34.0,0.0,0.0,,False,False,False,https://trouverunlogement.lescrous.fr/tools/42/accommodations/1642
1645,T1 18,False,Torcy,"20, 22, 24 Promenade du Belvedere 77200 TORCY",TORCY,77200,MARNE-LA-VALLEE_77,48.851,2.654,15.5,18.92,0.0,0.0,,False,False,False,https://trouverunlogement.lescrous.fr/tools/42/accommodations/1645
1652,Ornano2 T1Plus,False,ORNANO2,57 BD Ornano 75018 Paris,Paris,75018,Paris,48.896,2.346,16.0,21.0,0.0,0.0,,False,False,False,https://trouverunlogement.lescrous.fr/tools/42/accommodations/1652
1657,Studio,False,Résidence Danrémont,4 rue du Colonel de l'Espérance 62200 BOULOGNE-SUR-MER,BOULOGNE-SUR-MER,62200,Boulogne-sur-Mer,50.72,1.6,23.7,23.7,0.0,0.0,,False,False,False,https://trouverunlogement.lescrous.fr/tools/42/accommodations/1657
1662,T1 Colocation,True,Cergy-Les Chenes,7 rue des chênes d'or 95014 CERGY PONTOISE CEDEX,CERGY PONTOISE CEDEX,95014,CERGY,49.038,2.073,31.62,40.88,292.38,328.52,house_sharing,False,False,False,https://trouverunlogement.lescrous.fr/tools/42/accommodations/1662
1663,Ourcq T1,False,OURCQ,12-14 rue de l Ourcq 75019 PARIS,PARIS,75019,Paris,48.889,2.384,18.0,31.0,0.0,0.0,,False,False,False,https://trouverunlogement.lescrous.fr/tools/42/accommodations/1663
1671,T1 21,False,Torcy,"20, 22, 24 Promenade du Belvedere 77200 TORCY",TORCY,77200,MARNE-LA-VALLEE_77,48.851,2.654,15.5,21.53,0.0,0.0,,False,False,False,https://trouverunlogement.lescrous.fr/tools/42/accommodations/1671
1672,T1 bis,False,Résidence Danrémont,4 rue du Colonel de l'Espérance 62200 BOULOGNE-SUR-MER,BOULOGNE-SUR-MER,62200,Boulogne-sur-Mer,50.72,1.6,30.03,30.03,0.0,0.0,,False,False,False,https://trouverunlogement.lescrous.fr/tools/42/accommodations/1672
1674,Ourcq T2,False,OURCQ,12-14 rue de l Ourcq 75019 PARIS,PARIS,75019,Paris,48.889,2.384,0.0,0.0,0.0,0.0,,False,False,False,https://trouverunlogement.lescrous.fr/tools/42/accommodations/1674
1679,T2 (Colocation),False,Moissy Cramayel - Alfred Sisley,106 rue Bajot 77550 Moissy Cramayel,Moissy Cramayel,77550,SENART_77,48.628,2.589,15.04,15.16,0.0,0.0,,False,False,False,https://trouverunlogement.lescrous.fr/tools/42/accommodations/1679
1682,T2 Coloc,False,Résidence Danrémont,4 rue du Colonel de l'Espérance 62200 BOULOGNE-SUR-MER,BOULOGNE-SUR-MER,62200,Boulogne-sur-Mer,50.72,1.6,44.0,44.0,0.0,0.0,,False,False,False,https://trouverunlogement.lescrous.fr/tools/42/accommodations/1682
1685,Pajol T1,False,PAJOL,"1-3, rue Pajol 75018 PARIS",PARIS,75018,Paris,48.885,2.36,20.0,25.0,0.0,0.0,,False,False,False,https://trouverunlogement.lescrous.fr/tools/42/accommodations/1685
1698,Pajol T1bis,False,PAJOL,"1-3, rue Pajol 75018 PARIS",PARIS,75018,Paris,48.885,2.36,31.0,31.0,0.0,0.0,,False,False,False,https://trouverunlogement.lescrous.fr/tools/42/accommodations/1698
1701,T1 24,False,Torcy,"20, 22, 24 Promenade du Belvedere 77200 TORCY",TORCY,77200,MARNE-LA-VALLEE_77,48.851,2.654,24.19,27.82,0.0,0.0,,False,False,False,https://trouverunlogement.lescrous.fr/tools/42/accommodations/1701
1712,Pajol 2 T1,False,PAJOL 2,63/65 ter rue Philippe de Girard - 75018 PARIS,PARIS,75018,Paris,48.886,2.361,17.0,23.0,0.0,0.0,,False,False,False,https://trouverunlogement.lescrous.fr/tools/42/accommodations/1712
1716,T1 Colocation,True,Cergy-Linandes extension,"1, place des Linandes Mauves 95000 Cergy",Cergy,95000,CERGY,49.043,2.071,32.08,38.88,301.67,344.0,house_sharing,False,False,False,https://trouverunlogement.lescrous.fr/tools/42/accommodations/1716
1727,Parmentier T1,False,PARMENTIER,8 rue Parmentier - 92200 Neuilly-sur-Seine,Neuilly-sur-Seine,92200,Paris,48.883,2.281,18.0,27.0,0.0,0.0,,False,False,False,https://trouverunlogement.lescrous.fr/tools/42/accommodations/1727
1731,T1 28,False,Torcy,"20, 22, 24 Promenade du Belvedere 77200 TORCY",TORCY,77200,MARNE-LA-VALLEE_77,48.851,2.654,28.22,28.22,0.0,0.0,,False,False,False,https://trouverunlogement.lescrous.fr/tools/42/accommodations/1731
1740,Parmentier T1 PMR,False,PARMENTIER,8 rue Parmentier - 92200 Neuilly-sur-Seine,Neuilly-sur-Seine,92200,Paris,48.883,2.281,18.0,27.0,0.0,0.0,,False,False,False,https://trouverunlogement.lescrous.fr/tools/42/accommodations/1740
1751,T3 Colocation,True,Evry- Aunettes,1 Impasse de la Predecelle 91000 EVRY,EVRY,91000,EVRY,48.618,2.434,31.17,31.73,285.15,285.15,house_sharing,False,False,False,https://trouverunlogement.lescrous.fr/tools/42/accommodations/1751
1754,T2 Grand,False,Moissy Cramayel - Alfred Sisley,106 rue Bajot 77550 Moissy Cramayel,Moissy Cramayel,77550,SENART_77,48.628,2.589,23.22,23.22,0.0,0.0,,False,False,False,https://trouverunlogement.lescrous.fr/tools/42/accommodations/1754
1755,Girard T1,False,PHILIPPE DE GIRARD,"13, rue Philippe de Girard 75010 PARIS",PARIS,75010,Paris,48.882,2.361,22.0,31.0,0.0,0.0,,False,False,False,https://trouverunlogement.lescrous.fr/tools/42/accommodations/1755
1761,T1 couple,False,Tour Illustration,1 bis rue de Chablis 93000 Bobigny,Bobigny,93000,SEINE-SAINT-DENIS_93,48.912,2.42,21.08,27.81,0.0,0.0,,False,False,False,https://trouverunlogement.lescrous.fr/tools/42/accommodations/1761
1764,Girard T2,False,PHILIPPE DE GIRARD,"13, rue Philippe de Girard 75010 PARIS",PARIS,75010,Paris,48.882,2.361,48.0,48.0,0.0,0.0,,False,False,False,https://trouverunlogement.lescrous.fr/tools/42/accommodations/1764
1771,Studio 19,False,Résidence du Vivier,44 rue du Vivier 62200 BOULOGNE-SUR-MER,BOULOGNE-SUR-MER,62200,Boulogne-sur-Mer,50.727,1.605,18.34,19.88,0.0,0.0,,False,False,False,https://trouverunlogement.lescrous.fr/tools/42/accommodations/1771
1776,Girard 2 T1,False,PHILIPPE DE GIRARD 2,83 rue Philippe de Girard - 75018 PARIS,PARIS,75018,Paris,48.888,2.36,15.0,21.0,0.0,0.0,,False,False,False,https://trouverunlogement.lescrous.fr/tools/42/accommodations/1776
1780,T2,False,Lieusaint,1 rue du Terme Boreal 77127 LIEUSAINT,LIEUSAINT,77127,SENART_77,48.629,2.554,23.875,23.875,0.0,0.0,,False,False,False,https://trouverunlogement.lescrous.fr/tools/42/accommodations/1780
1784,Studio 20-21,False,Résidence du Vivier,44 rue du Vivier 62200 BOULOGNE-SUR-MER,BOULOGNE-SUR-MER,62200,Boulogne-sur-Mer,50.727,1.605,20.26,21.64,0.0,0.0,,False,False,False,https://trouverunlogement.lescrous.fr/tools/42/accommodations/1784
1785,Girard 2 T1 PMR,False,PHILIPPE DE GIRARD 2,83 rue Philippe de Girard - 75018 PARIS,PARIS,75018,Paris,48.888,2.36,21.0,21.0,0.0,0.0,,False,False,False,https://trouverunlogement.lescrous.fr/tools/42/accommodations/1785
1789,T1 Bis duplex,False,Tour Illustration,1 bis rue de Chablis 93000 Bobigny,Bobigny,93000,SEINE-SAINT-DENIS_93,48.912,2.42,25.7,36.77,0.0,0.0,,False,False,False,https://trouverunlogement.lescrous.fr/tools/42/accommodations/1789
1793,Girard 2 T2,False,PHILIPPE DE GIRARD 2,83 rue Philippe de Girard - 75018 PARIS,PARIS,75018,Paris,48.888,2.36,49.0,49.0,0.0,0.0,,False,False,False,https://trouverunlogement.lescrous.fr/tools/42/accommodations/1793
1795,Studio 22-23,False,Résidence du Vivier,44 rue du Vivier 62200 BOULOGNE-SUR-MER,BOULOGNE-SUR-MER,62200,Boulogne-sur-Mer,50.727,1.605,22.25,23.59,0.0,0.0,,False,False,False,https://trouverunlogement.lescrous.fr/tools/42/accommodations/1795
1798,T1 Colocation,False,VSQ-Guyancourt - Vauban,"1, Boulevard d Alembert 78280 - GUYANCOURT",- GUYANCOURT,78280,VERSAILLES -ST-QUENTIN,48.78,2.044,36.74,36.74,0.0,0.0,,False,False,False,https://trouverunlogement.lescrous.fr/tools/42/accommodations/1798
1801,Pitié T1,False,PITIE,"97, boulevard de l hopital 75013 PARIS",PARIS,75013,Paris,48.838,2.362,18.0,20.0,0.0,0.0,,False,False,False,https://trouverunlogement.lescrous.fr/tools/42/accommodations/1801
1802,Studio 24-25,False,Résidence du Vivier,44 rue du Vivier 62200 BOULOGNE-SUR-MER,BOULOGNE-SUR-MER,62200,Boulogne-sur-Mer,50.727,1.605,24.22,25.22,0.0,0.0,,False,False,False,https://trouverunlogement.lescrous.fr/tools/42/accommodations/1802
1805,T1 PMR,False,Tour Illustration,1 bis rue de Chablis 93000 Bobigny,Bobigny,93000,SEINE-SAINT-DENIS_93,48.912,2.42,23.18,23.39,0.0,0.0,,False,False,False,https://trouverunlogement.lescrous.fr/tools/42/accommodations/1805
1808,Poissonniers T1,False,POISSONNIERS,14/24 avenue de la Porte des Poissonniers - 75018 Paris,Paris,75018,Paris,48.899,2.352,19.5,21.0,0.0,0.0,,False,False,False,https://trouverunlogement.lescrous.fr/tools/42/accommodations/1808
1817,Poissonniers T1bis,False,POISSONNIERS,14/24 avenue de la Porte des Poissonniers - 75018 Paris,Paris,75018,Paris,48.899,2.352,26.0,31.0,0.0,0.0,,False,False,False,https://trouverunlogement.lescrous.fr/tools/42/accommodations/1817
1822,T2 (Colocation),False,Lieusaint,1 rue du Terme Boreal 77127 LIEUSAINT,LIEUSAINT,77127,SENART_77,48.629,2.554,23.875,23.875,0.0,0.0,,False,False,False,https://trouverunlogement.lescrous.fr/tools/42/accommodations/1822
1826,T1,False,Tour Illustration,1 bis rue de Chablis 93000 Bobigny,Bobigny,93000,SEINE-SAINT-DENIS_93,48.912,2.42,15.35,20.64,0.0,0.0,,False,False,False,https://trouverunlogement.lescrous.fr/tools/42/accommodations/1826
1827,Poissonniers T1bis PMR,False,POISSONNIERS,14/24 avenue de la Porte des Poissonniers - 75018 Paris,Paris,75018,Paris,48.899,2.352,26.0,31.0,0.0,0.0,,False,False,False,https://trouverunlogement.lescrous.fr/tools/42/accommodations/1827
1831,T2,False,Clichy,71-73 rue Villeneuve 92110 CLICHY LA GARENNE,CLICHY LA GARENNE,92110,NANTERRE,48.907,2.315,22.47,30.63,0.0,0.0,,False,False,False,https://trouverunlogement.lescrous.fr/tools/42/accommodations/1831
1840,Porte de Vanves T1,False,PORTE DE VANVES,14- 16 place de la porte de Vanves - 75014 Paris,Paris,75014,Paris,48.827,2.304,18.0,23.0,0.0,0.0,,False,False,False,https://trouverunlogement.lescrous.fr/tools/42/accommodations/1840
1849,Poulet T1,False,POULET,"9, rue de poulet - 75018 Paris",Paris,75018,Paris,48.887,2.348,18.0,18.0,0.0,0.0,,False,False,False,https://trouverunlogement.lescrous.fr/tools/42/accommodations/1849
1858,T1,False,Combs La Ville - Ilot du Bel Air,20 - 28 rue des Brandons 77380 Combs La Ville,Combs La Ville,77380,SENART_77,48.665,2.558,17.7,26.38,0.0,0.0,,False,False,False,https://trouverunlogement.lescrous.fr/tools/42/accommodations/1858
1859,Andrée Chedid T1,False,ANDREE CHEDID,8 rue Romy schneider 75018 PARIS,PARIS,75018,Paris,48.888,2.361,14.0,22.0,0.0,0.0,,False,False,False,https://trouverunlogement.lescrous.fr/tools/42/accommodations/1859
1862,Poulet T1bis,False,POULET,"9, rue de poulet - 75018 Paris",Paris,75018,Paris,48.887,2.348,30.0,30.0,0.0,0.0,,False,False,False,https://trouverunlogement.lescrous.fr/tools/42/accommodations/1862
1872,Reims T1 PMR,False,REIMS,5 rue de Reims - 75013 Paris,Paris,75013,Paris,48.829,2.372,18.0,21.0,0.0,0.0,,False,False,False,https://trouverunlogement.lescrous.fr/tools/42/accommodations/1872
1873,T2,False,Evry-Dragueur,4 Allée Jean Rostand 91000 EVRY,EVRY,91000,EVRY,48.628,2.432,30.58,30.58,0.0,0.0,,False,False,False,https://trouverunlogement.lescrous.fr/tools/42/accommodations/1873
1880,Romy Schneider T1,False,ROMY SCHNEIDER,5 rue Romy Schneider 75018 Paris,Paris,75018,Paris,48.888,2.361,18.0,24.0,0.0,0.0,,False,False,False,https://trouverunlogement.lescrous.fr/tools/42/accommodations/1880
1881,T2 (Colocation),False,Combs La Ville - Ilot du Bel Air,20 - 28 rue des Brandons 77380 Combs La Ville,Combs La Ville,77380,SENART_77,48.665,2.558,17.05,17.575,0.0,0.0,,False,False,False,https://trouverunlogement.lescrous.fr/tools/42/accommodations/1881
1890,Romy Schneider T1 PMR,False,ROMY SCHNEIDER,5 rue Romy Schneider 75018 Paris,Paris,75018,Paris,48.888,2.361,19.0,24.0,0.0,0.0,,False,False,False,https://trouverunlogement.lescrous.fr/tools/42/accommodations/1890
1897,Parks T1,False,ROSA PARKS,173 bd Macdonald 75019 Paris,Paris,75019,Paris,48.899,2.377,18.0,29.0,0.0,0.0,,False,False,False,https://trouverunlogement.lescrous.fr/tools/42/accommodations/1897
1904,Des Haies T1,False,RUE DES HAIES,72/74 rue des haies 75020 Paris,Paris,75020,Paris,48.855,2.403,16.0,24.0,0.0,0.0,,False,False,False,https://trouverunlogement.lescrous.fr/tools/42/accommodations/1904
1909,T1,False,Champs sur Marne ENSAVT,24 Boulevard Newton 77420 CHAMPS SUR MARNE,CHAMPS SUR MARNE,77420,MARNE-LA-VALLEE_77,48.839,2.587,17.48,25.48,0.0,0.0,,False,False,False,https://trouverunlogement.lescrous.fr/tools/42/accommodations/1909
1911,T2,False,Champs sur Marne ENSAVT,24 Boulevard Newton 77420 CHAMPS SUR MARNE,CHAMPS SUR MARNE,77420,MARNE-LA-VALLEE_77,48.839,2.587,46.81,46.87,0.0,0.0,,False,False,False,https://trouverunlogement.lescrous.fr/tools/42/accommodations/1911
1912,Auriol - T5,False,CLAUDE LALET,148/150 Bd Auriol 75013 Paris,Paris,75013,Paris,48.833,2.36,79.0,79.0,0.0,0.0,,False,False,False,https://trouverunlogement.lescrous.fr/tools/42/accommodations/1912
1914,T4,False,Champs sur Marne ENSAVT,24 Boulevard Newton 77420 CHAMPS SUR MARNE,CHAMPS SUR MARNE,77420,MARNE-LA-VALLEE_77,48.839,2.587,85.27,85.83,0.0,0.0,,False,False,False,https://trouverunlogement.lescrous.fr/tools/42/accommodations/1914
1915,Thionville T1,False,THIONVILLE,26 - 26 bis rue de Thionville - 75019 PARIS,PARIS,75019,Paris,48.889,2.384,20.0,27.0,0.0,0.0,,False,False,False,https://trouverunlogement.lescrous.fr/tools/42/accommodations/1915
1917,T1b,False,Boissy Saint Leger,4D Boulevard de la Gare 94470 Boissy Saint Leger,Boissy Saint Leger,94470,CRETEIL,48.753,2.506,17.61,17.89,0.0,0.0,,False,False,False,https://trouverunlogement.lescrous.fr/tools/42/accommodations/1917
1919,Auriol - T6,False,CLAUDE LALET,148/150 Bd Auriol 75013 Paris,Paris,75013,Paris,48.833,2.36,92.0,92.0,0.0,0.0,,False,False,False,https://trouverunlogement.lescrous.fr/tools/42/accommodations/1919
1922,TOMBE ISSOIRE T1,False,TOMBE ISSOIRE,9 Rue de la tombe issoire 75014 Paris,Paris,75014,Paris,48.833,2.336,17.0,22.0,0.0,0.0,,False,False,False,https://trouverunlogement.lescrous.fr/tools/42/accommodations/1922
1925,T1 Colocation,False,HDB-Bagneux,2 rue Abraham Lincoln 92220 Bagneux,Bagneux,92220,HAUTS-DE-BIEVRE,48.791,2.317,39.4,39.9,0.0,0.0,,False,False,False,https://trouverunlogement.lescrous.fr/tools/42/accommodations/1925
1930,TOMBE ISSOIRE T1 PMR,False,TOMBE ISSOIRE,9 Rue de la tombe issoire 75014 Paris,Paris,75014,Paris,48.833,2.336,0.0,0.0,0.0,0.0,,False,False,False,https://trouverunlogement.lescrous.fr/tools/42/accommodations/1930
1941,Vaugirard T1,False,VAUGIRARD,383 rue de Vaugirard 75015 Paris,Paris,75015,Paris,48.836,2.293,17.0,28.0,0.0,0.0,,False,False,False,https://trouverunlogement.lescrous.fr/tools/42/accommodations/1941
1946,Vaugirard T1 PMR,False,VAUGIRARD,383 rue de Vaugirard 75015 Paris,Paris,75015,Paris,48.836,2.293,0.0,0.0,0.0,0.0,,False,False,False,https://trouverunlogement.lescrous.fr/tools/42/accommodations/1946
1957,Auriol - T1,False,CLAUDE LALET,148/150 Bd Auriol 75013 Paris,Paris,75013,Paris,48.833,2.36,19.0,24.0,0.0,0.0,,False,False,False,https://trouverunlogement.lescrous.fr/tools/42/accommodations/1957
1968,ALESIA T2,False,ALESIA,80 RUE DE LA TOMBE ISSOIRE 75014 PARIS,PARIS,75014,Paris,48.828,2.333,9.0,14.9,0.0,0.0,,False,False,False,https://trouverunlogement.lescrous.fr/tools/42/accommodations/1968
1970,Aubervilliers T2,False,AUBERVILLIERS,"60/60bis, rue d Aubervilliers 75019 PARIS",PARIS,75019,Paris,48.888,2.368,40.0,40.0,0.0,0.0,,False,False,False,https://trouverunlogement.lescrous.fr/tools/42/accommodations/1970
2000,T1 PMR,False,Combs La Ville - Ilot du Bel Air,20 - 28 rue des Brandons 77380 Combs La Ville,Combs La Ville,77380,SENART_77,48.665,2.558,17.7,17.7,0.0,0.0,,False,False,False,https://trouverunlogement.lescrous.fr/tools/42/accommodations/2000
2042,T4 Colocation,False,Orsay-Ulis,"15, rue le Bosquet 91940 les ULIS",les ULIS,91940,ORSAY,48.68,2.165,57.1,57.1,0.0,0.0,,False,False,False,https://trouverunlogement.lescrous.fr/tools/42/accommodations/2042
2052,T1,False,Lieusaint,1 rue du Terme Boreal 77127 LIEUSAINT,LIEUSAINT,77127,SENART_77,48.629,2.554,19.63,20.37,0.0,0.0,,False,False,False,https://trouverunlogement.lescrous.fr/tools/42/accommodations/2052
2055,T5 Colocation,False,Orsay-Ulis,"15, rue le Bosquet 91940 les ULIS",les ULIS,91940,ORSAY,48.68,2.165,0.0,0.0,0.0,0.0,,False,False,False,https://trouverunlogement.lescrous.fr/tools/42/accommodations/2055
2116,T2,False,Fontainebleau - Raymond Fischesser,3 ter rue de Ferrare 77300 Fontainebleau,Fontainebleau,77300,FONTAINEBLEAU,48.404,2.698,15.33,19.99,0.0,0.0,,False,False,False,https://trouverunlogement.lescrous.fr/tools/42/accommodations/2116
2131,T1c,False,Boissy Saint Leger,4D Boulevard de la Gare 94470 Boissy Saint Leger,Boissy Saint Leger,94470,CRETEIL,48.753,2.506,17.05,18.01,0.0,0.0,,False,False,False,https://trouverunlogement.lescrous.fr/tools/42/accommodations/2131
2149,T1 PMR,False,Moissy Cramayel - Alfred Sisley,106 rue Bajot 77550 Moissy Cramayel,Moissy Cramayel,77550,SENART_77,48.628,2.589,21.42,21.42,0.0,0.0,,False,False,False,https://trouverunlogement.lescrous.fr/tools/42/accommodations/2149
2180,APT 1,False,XXXX RESIDENCE REUILLY -,"20 bis rue de reuilly , 75012 Paris",Paris,75012,Paris,48.848,2.386,18.0,19.0,0.0,0.0,,False,False,False,https://trouverunlogement.lescrous.fr/tools/42/accommodations/2180
2200,T2 GRAND (Colocation),False,Moissy Cramayel - Alfred Sisley,106 rue Bajot 77550 Moissy Cramayel,Moissy Cramayel,77550,SENART_77,48.628,2.589,23.22,23.22,0.0,0.0,,False,False,False,https://trouverunlogement.lescrous.fr/tools/42/accommodations/2200
2213,T2,False,Le Trident,3/5 voie Felix Eboue 94000 CRETEIL,CRETEIL,94000,CRETEIL,48.797,2.45,18.9,18.9,0.0,0.0,,False,False,False,https://trouverunlogement.lescrous.fr/tools/42/accommodations/2213
2227,T1 Bis POTTIER (Colocation),False,Saint Denis - Eugene Pottier,12 rue Eugene Pottier 93200 Saint-Denis,Saint-Denis,93200,SEINE-SAINT-DENIS_93,48.949,2.355,14.385,15.115,0.0,0.0,,False,False,False,https://trouverunlogement.lescrous.fr/tools/42/accommodations/2227
2233,APT3,False,XXXX REUILLY,"20 bis rue de reuilly , 75012 Paris",Paris,75012,Paris,48.848,2.386,42.0,48.0,0.0,0.0,,False,False,False,https://trouverunlogement.lescrous.fr/tools/42/accommodations/2233
2236,T2 (Colocation),False,Le Trident,3/5 voie Felix Eboue 94000 CRETEIL,CRETEIL,94000,CRETEIL,48.797,2.45,18.9,18.9,0.0,0.0,,False,False,False,https://trouverunlogement.lescrous.fr/tools/42/accommodations/2236
2329,MOUZAIA T1,False,MOUZAIA,58 - 60 BIS RUE MOUZAIA PARIS 75019,,75019,Paris,48.88,2.398,14.0,33.1,0.0,0.0,,False,False,False,https://trouverunlogement.lescrous.fr/tools/42/accommodations/2329
2396,REUILLY T1 BIS,False,REUILLY,2 passage Marie Rogissart 75012 Paris,Paris,75012,Paris,48.848,2.386,26.39,28.62,0.0,0.0,,False,False,False,https://trouverunlogement.lescrous.fr/tools/42/accommodations/2396
2402,T1,False,Campus,23 avenue de la Convention 93000 BOBIGNY,BOBIGNY,93000,SEINE-SAINT-DENIS_93,48.917,2.418,18.97,20.81,0.0,0.0,,False,False,False,https://trouverunlogement.lescrous.fr/tools/42/accommodations/2402
2419,T1 G,False,Campus,23 avenue de la Convention 93000 BOBIGNY,BOBIGNY,93000,SEINE-SAINT-DENIS_93,48.917,2.418,22.03,30.03,0.0,0.0,,False,False,False,https://trouverunlogement.lescrous.fr/tools/42/accommodations/2419
2439,T2,False,Campus,23 avenue de la Convention 93000 BOBIGNY,BOBIGNY,93000,SEINE-SAINT-DENIS_93,48.917,2.418,38.62,40.3,0.0,0.0,,False,False,False,https://trouverunlogement.lescrous.fr/tools/42/accommodations/2439
2456,T3 Colocation,False,Orsay-Ulis,"15, rue le Bosquet 91940 les ULIS",les ULIS,91940,ORSAY,48.68,2.165,0.0,0.0,0.0,0.0,,False,False,False,https://trouverunlogement.lescrous.fr/tools/42/accommodations/2456
2468,T1 Couple,False,Campus,23 avenue de la Convention 93000 BOBIGNY,BOBIGNY,93000,SEINE-SAINT-DENIS_93,48.917,2.418,35.1,36.05,0.0,0.0,,False,False,False,https://trouverunlogement.lescrous.fr/tools/42/accommodations/2468
2482,T2 (Colocation),False,Cachan,62/78 rue Camille Desmoulins 94230 Cachan,Cachan,94230,CACHAN,48.791,2.332,14.75,14.75,0.0,0.0,,False,False,False,https://trouverunlogement.lescrous.fr/tools/42/accommodations/2482
2484,T2 PMR (Colocation),False,Cachan,62/78 rue Camille Desmoulins 94230 Cachan,Cachan,94230,CACHAN,48.791,2.332,13.0,13.0,0.0,0.0,,False,False,False,https://trouverunlogement.lescrous.fr/tools/42/accommodations/2484
2497,Lourcine Ch,False,LOURCINE,"37, boulevard de Port-Royal 75013 Paris",Paris,75013,Paris,48.837,2.346,11.0,11.0,0.0,0.0,,False,False,False,https://trouverunlogement.lescrous.fr/tools/42/accommodations/2497
2500,Lourcine Ch. PMR,False,LOURCINE,"37, boulevard de Port-Royal 75013 Paris",Paris,75013,Paris,48.837,2.346,22.0,22.0,0.0,0.0,,False,False,False,https://trouverunlogement.lescrous.fr/tools/42/accommodations/2500
2506,Citeaux T1,False,CITEAUX,45 boulevard Diderot - 75012 PARIS,PARIS,75012,Paris,48.847,2.38,11.0,31.0,0.0,0.0,,False,False,False,https://trouverunlogement.lescrous.fr/tools/42/accommodations/2506
2529,Citeaux T1 13,False,CITEAUX,45 boulevard Diderot - 75012 PARIS,PARIS,75012,Paris,48.847,2.38,0.0,0.0,0.0,0.0,,False,False,False,https://trouverunlogement.lescrous.fr/tools/42/accommodations/2529
2542,T1,False,Saclay-Eileen Gray,2 rue Sophie Germain 91400 Orsay,Orsay,91400,ORSAY,48.71138381958,2.1724588871002,18.15,27.66,0.0,0.0,,False,False,False,https://trouverunlogement.lescrous.fr/tools/42/accommodations/2542
2550,T1 PMR,False,Saclay-Eileen Gray,2 rue Sophie Germain 91400 Orsay,Orsay,91400,ORSAY,48.71138381958,2.1724588871002,20.21,27.66,0.0,0.0,,False,False,False,https://trouverunlogement.lescrous.fr/tools/42/accommodations/2550
2555,T2 Colocation,True,Orsay-Fleming,"21, rue André Maginot 91400 ORSAY",ORSAY,91400,ORSAY,48.694,2.185,28.88,28.88,283.05,283.05,house_sharing,False,False,False,https://trouverunlogement.lescrous.fr/tools/42/accommodations/2555
2565,T5,False,Saclay-Eileen Gray,2 rue Sophie Germain 91400 Orsay,Orsay,91400,ORSAY,48.71138381958,2.1724588871002,76.9,80.11,0.0,0.0,,False,False,False,https://trouverunlogement.lescrous.fr/tools/42/accommodations/2565
2578,T5 PMR,False,Saclay-Eileen Gray,2 rue Sophie Germain 91400 Orsay,Orsay,91400,ORSAY,48.71138381958,2.1724588871002,80.06,80.06,0.0,0.0,,False,False,False,https://trouverunlogement.lescrous.fr/tools/42/accommodations/2578
2593,T1a,False,Boissy Saint Leger,4D Boulevard de la Gare 94470 Boissy Saint Leger,Boissy Saint Leger,94470,CRETEIL,48.753,2.506,17.02,17.92,0.0,0.0,,False,False,False,https://trouverunlogement.lescrous.fr/tools/42/accommodations/2593
2598,ARGONNE T1,False,ARGONNE,25/27 RUE DE L'ARGONNE PARIS 75019,,75019,Paris,48.894,2.382,18.0,28.0,0.0,0.0,,False,False,False,https://trouverunlogement.lescrous.fr/tools/42/accommodations/2598
2604,Studio Domo 1,False,Nanterre,8 allée de l'Université 92000 Nanterre,Nanterre,92000,NANTERRE,48.905,2.212,27.0,27.0,0.0,0.0,,False,False,False,https://trouverunlogement.lescrous.fr/tools/42/accommodations/2604
2605,T1,False,Orsay-Bures,"Les Rives de l'Yvette Bât 231-232, voie de la faculté / Bât 233, rue Pierre de Coubertin 91440 - BURES SUR YVETTE",- BURES SUR YVETTE,91440,ORSAY,48.7,2.164,12.38,18.1,0.0,0.0,,False,False,False,https://trouverunlogement.lescrous.fr/tools/42/accommodations/2605
2609,Aubervilliers T1,False,AUBERVILLIERS,"60/60bis, rue d Aubervilliers 75019 PARIS",PARIS,75019,Paris,48.888,2.368,19.0,23.0,0.0,0.0,,False,False,False,https://trouverunlogement.lescrous.fr/tools/42/accommodations/2609
2612,T2,False,Stains,38/42 rue du Chemin St Leger 93240 Stains,Stains,93240,SEINE-SAINT-DENIS_93,48.947,2.376,24.96,30.72,0.0,0.0,,False,False,False,https://trouverunlogement.lescrous.fr/tools/42/accommodations/2612
2618,Aubervilliers T1bis,False,AUBERVILLIERS,"60/60bis, rue d Aubervilliers 75019 PARIS",PARIS,75019,Paris,48.888,2.368,30.0,30.0,0.0,0.0,,False,False,False,https://trouverunlogement.lescrous.fr/tools/42/accommodations/2618
2623,Studio Domo 2,False,Nanterre,8 allée de l'Université 92000 Nanterre,Nanterre,92000,NANTERRE,48.905,2.212,22.0,26.0,0.0,0.0,,False,False,False,https://trouverunlogement.lescrous.fr/tools/42/accommodations/2623
2636,T1,False,Saclay-Jean d'Ormesson,"20, cour Pierre Vasseur 91120 - PALAISEAU",- PALAISEAU,91120,ORSAY,48.7167,2.25,18.01,18.85,0.0,0.0,,False,False,False,https://trouverunlogement.lescrous.fr/tools/42/accommodations/2636
2637,FRERES FLAVIEN T2,False,FRERES FLAVIEN,23-25 RUE DES FRERES FLAVIEN 75020 PARIS,PARIS,75020,Paris,48.875,2.413,8.2,12.2,0.0,0.0,,False,False,False,https://trouverunlogement.lescrous.fr/tools/42/accommodations/2637
2685,T1 PMR,False,Orsay-Bures,"Les Rives de l'Yvette Bât 231-232, voie de la faculté / Bât 233, rue Pierre de Coubertin 91440 - BURES SUR YVETTE",- BURES SUR YVETTE,91440,ORSAY,48.7,2.164,15.71,23.11,0.0,0.0,,False,False,False,https://trouverunlogement.lescrous.fr/tools/42/accommodations/2685
2693,BERTELOTTE T1,False,BERTELOTTE,28 RUE DU COLONEL PIERRE AVIA 75015 PARIS,PARIS,75015,Paris,48.831,2.277,17.0,20.0,0.0,0.0,,False,False,False,https://trouverunlogement.lescrous.fr/tools/42/accommodations/2693
2694,CASTAGNARY T1,False,CASTAGNARY,71 RUE CASTAGNARY 75015 PARIS,PARIS,75015,Paris,48.831,2.306,18.0,40.32,0.0,0.0,,False,False,False,https://trouverunlogement.lescrous.fr/tools/42/accommodations/2694
2696,BERTELOTTE T2,False,BERTELOTTE,28 RUE DU COLONEL PIERRE AVIA 75015 PARIS,PARIS,75015,Paris,48.831,2.277,14.5,20.5,0.0,0.0,,False,False,False,https://trouverunlogement.lescrous.fr/tools/42/accommodations/2696
2699,T1,False,Saclay-George Sand,"16, rue André Blanc Lapierre 91190 GIF-SUR-YVETTE",GIF-SUR-YVETTE,91190,ORSAY,48.7127843,2.161844,16.12,24.76,0.0,0.0,,False,False,False,https://trouverunlogement.lescrous.fr/tools/42/accommodations/2699
2700,T1 Colocation,False,Saclay-George Sand,"16, rue André Blanc Lapierre 91190 GIF-SUR-YVETTE",GIF-SUR-YVETTE,91190,ORSAY,48.7127843,2.161844,18.48,38.51,0.0,0.0,,False,False,False,https://trouverunlogement.lescrous.fr/tools/42/accommodations/2700
2701,T1',False,Saclay-George Sand,"16, rue André Blanc Lapierre 91190 GIF-SUR-YVETTE",GIF-SUR-YVETTE,91190,ORSAY,48.7127843,2.161844,20.64,26.15,0.0,0.0,,False,False,False,https://trouverunlogement.lescrous.fr/tools/42/accommodations/2701
2702,T4 Colocation,False,Saclay-George Sand,"16, rue André Blanc Lapierre 91190 GIF-SUR-YVETTE",GIF-SUR-YVETTE,91190,ORSAY,48.7127843,2.161844,57.63,58.73,0.0,0.0,,False,False,False,https://trouverunlogement.lescrous.fr/tools/42/accommodations/2702
2703,T4 Colocation PMR,False,Saclay-George Sand,"16, rue André Blanc Lapierre 91190 GIF-SUR-YVETTE",GIF-SUR-YVETTE,91190,ORSAY,48.7127843,2.161844,58.56,58.56,0.0,0.0,,False,False,False,https://trouverunlogement.lescrous.fr/tools/42/accommodations/2703
2704,T5 Colocation,False,Saclay-George Sand,"16, rue André Blanc Lapierre 91190 GIF-SUR-YVETTE",GIF-SUR-YVETTE,91190,ORSAY,48.7127843,2.161844,74.6,74.61,0.0,0.0,,False,False,False,https://trouverunlogement.lescrous.fr/tools/42/accommodations/2704
2705,T5 Colocation PMR,False,Saclay-George Sand,"16, rue André Blanc Lapierre 91190 GIF-SUR-YVETTE",GIF-SUR-YVETTE,91190,ORSAY,48.7127843,2.161844,66.44,66.44,0.0,0.0,,False,False,False,https://trouverunlogement.lescrous.fr/tools/42/accommodations/2705
2709,OBSERVATOIRE T1,False,OBSERVATOIRE,26 AVENUE DE L'OBSERVATOIRE 75014 PARIS,PARIS,75014,Paris,48.839,2.336,18.1,26.75,0.0,0.0,,False,False,False,https://trouverunlogement.lescrous.fr/tools/42/accommodations/2709
2710,FRERES FLAVIEN T2-2PL,False,FRERES FLAVIEN,23-25 RUE DES FRERES FLAVIEN 75020 PARIS,PARIS,75020,Paris,48.875,2.413,7.5,7.6,0.0,0.0,,False,False,False,https://trouverunlogement.lescrous.fr/tools/42/accommodations/2710
2790,T4 Colocation-3,False,VSQ-Le 71,"71, avenue de Saint-Cloud 78000 - VERSAILLES",- VERSAILLES,78000,VERSAILLES -ST-QUENTIN,48.805657019283,2.136321981501,58.9,82.59,0.0,0.0,,False,False,False,https://trouverunlogement.lescrous.fr/tools/42/accommodations/2790
2803,T1,False,Ivry-sur-Seine - Marthe Gautier,16 avenue de l'Industrie 94200 Ivry-sur-Seine,Ivry-sur-Seine,94200,CRETEIL,48.816,2.403,18.0,23.0,0.0,0.0,,False,False,False,https://trouverunlogement.lescrous.fr/tools/42/accommodations/2803
2814,T1 Couple,False,Ivry-sur-Seine - Marthe Gautier,16 avenue de l'Industrie 94200 Ivry-sur-Seine,Ivry-sur-Seine,94200,CRETEIL,48.816,2.403,29.0,38.0,0.0,0.0,,False,False,False,https://trouverunlogement.lescrous.fr/tools/42/accommodations/2814
2815,T1 PMR,False,Ivry-sur-Seine - Marthe Gautier,16 avenue de l'Industrie 94200 Ivry-sur-Seine,Ivry-sur-Seine,94200,CRETEIL,48.816,2.403,23.0,23.0,0.0,0.0,,False,False,False,https://trouverunlogement.lescrous.fr/tools/42/accommodations/2815
2819,T3 Duplex,False,Ivry-sur-Seine - Marthe Gautier,16 avenue de l'Industrie 94200 Ivry-sur-Seine,Ivry-sur-Seine,94200,CRETEIL,48.816,2.403,54.0,72.0,0.0,0.0,,False,False,False,https://trouverunlogement.lescrous.fr/tools/42/accommodations/2819
2856,T5 Colocation,False,Saclay-Eileen Gray,2 rue Sophie Germain 91400 Orsay,Orsay,91400,ORSAY,48.71138381958,2.1724588871002,76.9,80.11,0.0,0.0,,False,False,False,https://trouverunlogement.lescrous.fr/tools/42/accommodations/2856
2857,T5 Colocation PMR,False,Saclay-Eileen Gray,2 rue Sophie Germain 91400 Orsay,Orsay,91400,ORSAY,48.71138381958,2.1724588871002,80.06,80.06,0.0,0.0,,False,False,False,https://trouverunlogement.lescrous.fr/tools/42/accommodations/2857
2858,T1 PMR,False,Saclay-George Sand,"16, rue André Blanc Lapierre 91190 GIF-SUR-YVETTE",GIF-SUR-YVETTE,91190,ORSAY,48.7127843,2.161844,20.28,25.94,0.0,0.0,,False,False,False,https://trouverunlogement.lescrous.fr/tools/42/accommodations/2858
2859,T1 PMR,False,Saclay-Jean d'Ormesson,"20, cour Pierre Vasseur 91120 - PALAISEAU",- PALAISEAU,91120,ORSAY,48.7167,2.25,18.64,21.6,0.0,0.0,,False,False,False,https://trouverunlogement.lescrous.fr/tools/42/accommodations/2859
2860,T1',False,Saclay-Jean d'Ormesson,"20, cour Pierre Vasseur 91120 - PALAISEAU",- PALAISEAU,91120,ORSAY,48.7167,2.25,20.78,26.64,0.0,0.0,,False,False,False,https://trouverunlogement.lescrous.fr/tools/42/accommodations/2860
2861,T5 Colocation,False,Saclay-Jean d'Ormesson,"20, cour Pierre Vasseur 91120 - PALAISEAU",- PALAISEAU,91120,ORSAY,48.7167,2.25,65.4,73.57,0.0,0.0,,False,False,False,https://trouverunlogement.lescrous.fr/tools/42/accommodations/2861
2862,T5 Colocation DUPLEX,False,Saclay-Jean d'Ormesson,"20, cour Pierre Vasseur 91120 - PALAISEAU",- PALAISEAU,91120,ORSAY,48.7167,2.25,69.49,70.77,0.0,0.0,,False,False,False,https://trouverunlogement.lescrous.fr/tools/42/accommodations/2862
2866,T1,False,Evry-Le Bois Guillaume,18 rue du Bois Guillaume 91000 Evry Courcouronnes,Evry Courcouronnes,91000,EVRY,48.64,2.42,19.9,21.4,0.0,0.0,,False,False,False,https://trouverunlogement.lescrous.fr/tools/42/accommodations/2866
2867,T1 bis,False,Evry-Le Bois Guillaume,18 rue du Bois Guillaume 91000 Evry Courcouronnes,Evry Courcouronnes,91000,EVRY,48.64,2.42,25.6,27.4,0.0,0.0,,False,False,False,https://trouverunlogement.lescrous.fr/tools/42/accommodations/2867
2868,T2 Mezzanine,False,Evry-Le Bois Guillaume,18 rue du Bois Guillaume 91000 Evry Courcouronnes,Evry Courcouronnes,91000,EVRY,48.64,2.42,31.6,33.0,0.0,0.0,,False,False,False,https://trouverunlogement.lescrous.fr/tools/42/accommodations/2868
2873,T2 Duplex,False,Ivry-sur-Seine - Marthe Gautier,16 avenue de l'Industrie 94200 Ivry-sur-Seine,Ivry-sur-Seine,94200,CRETEIL,48.816,2.403,45.0,45.0,0.0,0.0,,False,False,False,https://trouverunlogement.lescrous.fr/tools/42/accommodations/2873
2909,T2 Colocation-2,False,VSQ-Le 71,"71, avenue de Saint-Cloud 78000 - VERSAILLES",- VERSAILLES,78000,VERSAILLES -ST-QUENTIN,48.805657019283,2.136321981501,28.76,28.76,0.0,0.0,,False,False,False,https://trouverunlogement.lescrous.fr/tools/42/accommodations/2909
2918,Studette EXTENSION,False,Evry-Flora Tristan,1 rue Jules Vales 91000 Evry,Evry,91000,EVRY,48.636,2.43,13.0,14.0,0.0,0.0,,False,False,False,https://trouverunlogement.lescrous.fr/tools/42/accommodations/2918
2919,T1 PMR,False,Evry-Flora Tristan,1 rue Jules Vales 91000 Evry,Evry,91000,EVRY,48.636,2.43,30.0,30.0,0.0,0.0,,False,False,False,https://trouverunlogement.lescrous.fr/tools/42/accommodations/2919
2928,T1,False,Cergy-Les Linandes Mauves,"1, place des Linandes Mauves 95000 CERGY",CERGY,95000,CERGY,49.043,2.071,14.02,24.0,0.0,0.0,,False,False,False,https://trouverunlogement.lescrous.fr/tools/42/accommodations/2928
2980,T1,False,HDB-Pierre Soulages,26 rue Lafontaine ZAC Jean Zay - 92160 Antony,Antony,92160,HAUTS-DE-BIEVRE,48.758,2.298,17.85,22.27,0.0,0.0,,False,False,False,https://trouverunlogement.lescrous.fr/tools/42/accommodations/2980
2987,CASTAGNARY T4,False,CASTAGNARY,71 RUE CASTAGNARY 75015 PARIS,PARIS,75015,Paris,48.831,2.306,80.0,80.0,0.0,0.0,,False,False,False,https://trouverunlogement.lescrous.fr/tools/42/accommodations/2987
2995,DUPLEX,False,VSQ-Les écuries Malaquais,3 avenue du Palais 92210 Saint-Cloud,Saint-Cloud,92210,VERSAILLES -ST-QUENTIN,48.863,2.288,26.88,43.62,0.0,0.0,,False,False,False,https://trouverunlogement.lescrous.fr/tools/42/accommodations/2995
2996,DUPLEX PARTAGE,False,VSQ-Les écuries Malaquais,3 avenue du Palais 92210 Saint-Cloud,Saint-Cloud,92210,VERSAILLES -ST-QUENTIN,48.863,2.288,43.62,43.62,0.0,0.0,,False,False,False,https://trouverunlogement.lescrous.fr/tools/42/accommodations/2996
2997,STUDIO,False,VSQ-Les écuries Malaquais,3 avenue du Palais 92210 Saint-Cloud,Saint-Cloud,92210,VERSAILLES -ST-QUENTIN,48.863,2.288,12.6,28.78,0.0,0.0,,False,False,False,https://trouverunlogement.lescrous.fr/tools/42/accommodations/2997
2998,STUDIO PARTAGE,False,VSQ-Les écuries Malaquais,3 avenue du Palais 92210 Saint-Cloud,Saint-Cloud,92210,VERSAILLES -ST-QUENTIN,48.863,2.288,0.0,0.0,0.0,0.0,,False,False,False,https://trouverunlogement.lescrous.fr/tools/42/accommodations/2998
2999,STUDIO PMR,False,VSQ-Les écuries Malaquais,3 avenue du Palais 92210 Saint-Cloud,Saint-Cloud,92210,VERSAILLES -ST-QUENTIN,48.863,2.288,15.67,16.14,0.0,0.0,,False,False,False,https://trouverunlogement.lescrous.fr/tools/42/accommodations/2999
3000,TOLBIAC T1,False,JACQUES OUDIN,210-222 RUE DE TOLBIAC 75013 PARIS,PARIS,75013,Paris,48.826,2.345,16.6,29.0,0.0,0.0,,False,False,False,https://trouverunlogement.lescrous.fr/tools/42/accommodations/3000
3001,TOLBIAC T1BIS,False,JACQUES OUDIN,210-222 RUE DE TOLBIAC 75013 PARIS,PARIS,75013,Paris,48.826,2.345,31.3,31.6,0.0,0.0,,False,False,False,https://trouverunlogement.lescrous.fr/tools/42/accommodations/3001
3002,MOUZAIA DSE T1,False,MOUZAIA,58 - 60 BIS RUE MOUZAIA PARIS 75019,,75019,Paris,48.88,2.398,13.4,25.1,0.0,0.0,,False,False,False,https://trouverunlogement.lescrous.fr/tools/42/accommodations/3002
3003,T1,False,HDB-Rose Valland,48 avenue Gallieni 92160 Antony,Antony,92160,HAUTS-DE-BIEVRE,48.76,2.299,17.3,25.7,0.0,0.0,,False,False,False,https://trouverunlogement.lescrous.fr/tools/42/accommodations/3003
3004,T1,False,Orsay-Georges Charpak,Bâtiment 470 Domaine de l’université de Paris Saclay Rue du château 91400 Orsay,Orsay,91400,ORSAY,48.702,2.167,13.22,28.16,0.0,0.0,,False,False,False,https://trouverunlogement.lescrous.fr/tools/42/accommodations/3004
3005,T4 Colocation-3,False,Orsay-Georges Charpak,Bâtiment 470 Domaine de l’université de Paris Saclay Rue du château 91400 Orsay,Orsay,91400,ORSAY,48.702,2.167,59.19,59.23,0.0,0.0,,False,False,False,https://trouverunlogement.lescrous.fr/tools/42/accommodations/3005
3006,T5 Colocation-4,True,Orsay-Georges Charpak,Bâtiment 470 Domaine de l’université de Paris Saclay Rue du château 91400 Orsay,Orsay,91400,ORSAY,48.702,2.167,77.34,78.86,366.62,366.62,"alone, house_sharing",False,False,False,https://trouverunlogement.lescrous.fr/tools/42/accommodations/3006
3007,TOLBIAC T3,False,JACQUES OUDIN,210-222 RUE DE TOLBIAC 75013 PARIS,PARIS,75013,Paris,48.826,2.345,9.7,10.4,0.0,0.0,,False,False,False,https://trouverunlogement.lescrous.fr/tools/42/accommodations/3007
3011,MOUZAIA DSE T1Bis,False,MOUZAIA,58 - 60 BIS RUE MOUZAIA PARIS 75019,,75019,Paris,48.88,2.398,32.7,32.7,0.0,0.0,,False,False,False,https://trouverunlogement.lescrous.fr/tools/42/accommodations/3011
3013,GUYTON T1,False,GUYTON DE MORVEAU,10-12 RUE GUYTON DE MORVEAU 75013 PARIS,PARIS,75013,Paris,48.825,2.348,15.6,24.1,0.0,0.0,,False,False,False,https://trouverunlogement.lescrous.fr/tools/42/accommodations/3013
3018,MOUZAIA DSE T2,False,MOUZAIA,58 - 60 BIS RUE MOUZAIA PARIS 75019,,75019,Paris,48.88,2.398,9.0,10.5,0.0,0.0,,False,False,False,https://trouverunlogement.lescrous.fr/tools/42/accommodations/3018
3019,MOUZAIA DSE T3,False,MOUZAIA,58 - 60 BIS RUE MOUZAIA PARIS 75019,,75019,Paris,48.88,2.398,9.7,82.9,0.0,0.0,,False,False,False,https://trouverunlogement.lescrous.fr/tools/42/accommodations/3019
3020,GUYTON T1 PMR,False,GUYTON DE MORVEAU,10-12 RUE GUYTON DE MORVEAU 75013 PARIS,PARIS,75013,Paris,48.825,2.348,24.0,24.0,0.0,0.0,,False,False,False,https://trouverunlogement.lescrous.fr/tools/42/accommodations/3020
3023,METROPOLITAINE T1,False,LA METROPOLITAINE,2 Avenue de la Porte de Clichy 75017 Paris,Paris,75017,Paris,48.89,2.314,15.5,24.45,0.0,0.0,,False,False,False,https://trouverunlogement.lescrous.fr/tools/42/accommodations/3023
3037,Studio,False,Evry-Flora Tristan,1 rue Jules Vales 91000 Evry,Evry,91000,EVRY,48.636,2.43,16.0,25.0,0.0,0.0,,False,False,False,https://trouverunlogement.lescrous.fr/tools/42/accommodations/3037
3039,T1 Bis,False,Evry-Marguerite Yourcenar,15 rue André Lalande 91000 EVRY,EVRY,91000,EVRY,48.623,2.425,25.0,26.5,0.0,0.0,,False,False,False,https://trouverunlogement.lescrous.fr/tools/42/accommodations/3039
3054,T1 bis B,False,VSQ-Guyancourt - Vauban,"1, Boulevard d Alembert 78280 - GUYANCOURT",- GUYANCOURT,78280,VERSAILLES -ST-QUENTIN,48.78,2.044,36.74,36.74,0.0,0.0,,False,False,False,https://trouverunlogement.lescrous.fr/tools/42/accommodations/3054
3094,T2,False,VSQ-Le 71,"71, avenue de Saint-Cloud 78000 - VERSAILLES",- VERSAILLES,78000,VERSAILLES -ST-QUENTIN,48.805657019283,2.136321981501,49.4,49.4,0.0,0.0,,False,False,False,https://trouverunlogement.lescrous.fr/tools/42/accommodations/3094
3095,T3 Colocation-3,False,VSQ-Le 71,"71, avenue de Saint-Cloud 78000 - VERSAILLES",- VERSAILLES,78000,VERSAILLES -ST-QUENTIN,48.805657019283,2.136321981501,46.83,65.95,0.0,0.0,,False,False,False,https://trouverunlogement.lescrous.fr/tools/42/accommodations/3095
3100,T4 Colocation duplex-3,False,VSQ-Le 71,"71, avenue de Saint-Cloud 78000 - VERSAILLES",- VERSAILLES,78000,VERSAILLES -ST-QUENTIN,48.805657019283,2.136321981501,68.8,68.8,0.0,0.0,,False,False,False,https://trouverunlogement.lescrous.fr/tools/42/accommodations/3100
3101,Studio PMR,False,VSQ-Le 71,"71, avenue de Saint-Cloud 78000 - VERSAILLES",- VERSAILLES,78000,VERSAILLES -ST-QUENTIN,48.805657019283,2.136321981501,24.0,24.0,0.0,0.0,,False,False,False,https://trouverunlogement.lescrous.fr/tools/42/accommodations/3101
3102,Studio,False,VSQ-Le 71,"71, avenue de Saint-Cloud 78000 - VERSAILLES",- VERSAILLES,78000,VERSAILLES -ST-QUENTIN,48.805657019283,2.136321981501,15.9,15.9,0.0,0.0,,False,False,False,https://trouverunlogement.lescrous.fr/tools/42/accommodations/3102
3103,Studette,False,VSQ-Le 71,"71, avenue de Saint-Cloud 78000 - VERSAILLES",- VERSAILLES,78000,VERSAILLES -ST-QUENTIN,48.805657019283,2.136321981501,14.55,15.55,0.0,0.0,,False,False,False,https://trouverunlogement.lescrous.fr/tools/42/accommodations/3103
3104,T3 Colocation-2,False,VSQ-Le 71,"71, avenue de Saint-Cloud 78000 - VERSAILLES",- VERSAILLES,78000,VERSAILLES -ST-QUENTIN,48.805657019283,2.136321981501,32.5,48.91,0.0,0.0,,False,False,False,https://trouverunlogement.lescrous.fr/tools/42/accommodations/3104
3115,INVALIDES T1,False,CARRE INVALIDES,6 Rue Monsieur 75007 PARIS,PARIS,75007,Paris,48.85,2.316,16.1,69.47,0.0,0.0,,False,False,False,https://trouverunlogement.lescrous.fr/tools/42/accommodations/3115
3116,GERMAINE KRULL,False,XXXXX GERMAINE KRULL,14 / 16 RUE GERMAINE KRULL 75013 PARIS,PARIS,75013,Paris,48.863,2.288,18.0,27.0,0.0,0.0,,False,False,False,https://trouverunlogement.lescrous.fr/tools/42/accommodations/3116
3117,KRULL STUDIO,False,GERMAINE KRULL,14-16 RUE GERMAINE KRULL 75013 PARIS,PARIS,75013,Paris,48.863,2.288,18.02,27.15,0.0,0.0,,False,False,False,https://trouverunlogement.lescrous.fr/tools/42/accommodations/3117
3119,Studio,False,Villetaneuse - Gisèle Halimi,132 avenue de la Division Leclerc 93430 VILLETANEUSE,VILLETANEUSE,93430,SEINE-SAINT-DENIS_93,48.955,2.344,18.0,18.0,0.0,0.0,,False,False,False,https://trouverunlogement.lescrous.fr/tools/42/accommodations/3119
3120,Studio PMR,False,Villetaneuse - Gisèle Halimi,132 avenue de la Division Leclerc 93430 VILLETANEUSE,VILLETANEUSE,93430,SEINE-SAINT-DENIS_93,48.955,2.344,18.0,19.0,0.0,0.0,,True,False,False,https://trouverunlogement.lescrous.fr/tools/42/accommodations/3120
3126,INVALIDES STUDETTE,False,CARRE INVALIDES,6 Rue Monsieur 75007 PARIS,PARIS,75007,Paris,48.85,2.316,14.2,15.9,0.0,0.0,,False,False,False,https://trouverunlogement.lescrous.fr/tools/42/accommodations/3126
3132,T1 bis,False,Clichy,71-73 rue Villeneuve 92110 CLICHY LA GARENNE,CLICHY LA GARENNE,92110,NANTERRE,48.907,2.315,0.0,0.0,0.0,0.0,,False,False,False,https://trouverunlogement.lescrous.fr/tools/42/accommodations/3132
